AuthorID,Author,Date,Content,Attachments,Reactions
"472133643708530689","dolivent","2024-01-13T14:56:29.8940000+08:00","","",""
"472133643708530689","dolivent","2024-01-13T15:51:21.1280000+08:00","__**Week 1 **__ week of 1/1/2024 (+15,310)

__**Week 2 **__ week of 8/1/2024 (+123,655)
1. Monday 8th https://discord.com/channels/1059089071932190750/1194501783486222337/1194505257443659797 started with a strong candle on the indexes, on low breadth (stockbee MM 434 reading, 800-1000+ is better)
- the best breakouts for the day were NVDA & SMCI with strong breadth in __semis__. This was great confirmation since semis lead growth. __Biotechs __also had a good day with LABU strong and individual stocks like VKTX VERA NKTX ARDX breaking out. __Cloud __names were also strong with CRWD ZS PANW. __BTC__ was also in play all week with BITO breaking out and MARA being the stock to watch. 
2. Tuesday 9th https://discord.com/channels/1059089071932190750/1194501783486222337/1194832052831395950 offer a great entry on urnaium names URNM UEC and CCJ. other than that, it was a low liquidity day possibly in anticipation of CPI in comming days. We also saw U retrace its breakout on news of 25% staff cuts, but this did not proliferate. 
3. Wednesday 10th https://discord.com/channels/1059089071932190750/1194501783486222337/1194832052831395950 we started seeing EPs start coming through. WDFC (3min ORH) & ISRG (intraday 12:03pm or 12:33pm) . META MSFT breakouts. MARA had a pullback buy. 
4. Thursday 11th https://discord.com/channels/1059089071932190750/1194501783486222337/1195198854946115634 was a low breadth day with only ZIM showing up on 1day gainer scan. DOCU also made asubstantial move with activist news. TME also broke out of a large cup with handle with strength in China names. MARA also broke out, then failed dramatically.","",""
"472133643708530689","dolivent","2024-01-13T15:51:24.8320000+08:00","5.  Friday 12th. https://discord.com/channels/1059089071932190750/1194501783486222337/1195589326994685993 UEC NXE URNM CCC gap ups. MSOS breakout, EDU b/o, ALT b/o. With all the major economic numbers out of the way CPI PPI, we now seem to be in a chop zone where we are working off the 3 day momentum burst. Economic numbers seem to have less effect on the market now.

It was an unusual week where the first __3 days all offered opportunities__. That is not what im used to, with usually the first day of breakouts after a pullback being the best while others suffer. that being said, __we got growth, then comod, then China which are all different sectors__.  I would say NVDA SMCI LABU VKTX ARDX CRWS PANW UEC, then UEC again on the EP, MARA, then MARA Short, MSOS.
.

**Major lessons:** https://discord.com/channels/1059089071932190750/1194501783486222337/1195207206086385755
This week was a big week for learning. I started to journal more and also restarted my trading study. Major lessons include
1. Deeper understanding of the ""price cycle"" from rewarching Oliver Kell's tradelion course. In particular, session 4 on selling. Understanding that the same behavior early in the move will mean the exact opposite when the move is in later stages e.g leg 3. example is how gap up breakouts should be treated as well as extensions from the MAs. One thing to note going forward is that mixing development and execution periods is tricky since it may make you too bullish or bearish. 
2. The importance of selling into strength when you are on margin. important to get off margin on first 3-5 days down to position trade size.","",""
"472133643708530689","dolivent","2024-01-13T16:09:15.6030000+08:00","3. Having a gameplan for both bullish and bearish scenarios, both in daily pre market watchist, but also for stocks you are managing. It pays to go to extreems because when those things actually happen, its when you will be most flustered and subject to spiraling mistakes like revenge trading (MARA) as well as missing other oportunities (TAL). My major mistake this week, was going in with too much of a bias either way. This affects my analysis before market open, as well as execution on open.

**Strategy Updates:** https://discord.com/channels/1059089071932190750/1194501783486222337/1195617926905086012
I am finally seeing some success with my strategy after making some tweaks and reflecting more as life quietens down (finally):
1. confluence of Study (reviewing Kells price cyle work, noting nuances at dif stages of price cycle and annotating current charts, implementing pullback buys)
2. refined stock selection (via process, journaling best movers/backwatchlist), 
3. refined SA (via process Trade ideas and price cycle, spotting day 1 vs waiting for confirmation ie buying pullback confirmation and buying first EPs when they show up), 
4. discipline (implementing more extreme rules when markets arent in my favour ie *retirement* without chaning my underlying tendancy to overtrade)
5. last but not least, ability to cope much better after taking a bad beat and bouncing back (not sure how this happened but it was very hard, felt very bad and still does)","",""
"472133643708530689","dolivent","2024-01-13T16:34:32.7150000+08:00","https://github.com/JohanLarsson/Snappy.Docs/blob/main/Tp2.md
.












.","",""
"472133643708530689","dolivent","2024-01-21T13:29:30.1710000+08:00","__**Week 3 **__ week of 15/1/2024 (+39,978)","",""
"472133643708530689","dolivent","2024-01-21T13:51:53.3210000+08:00","1. Tuesday 16th https://discord.com/channels/1059089071932190750/1194501783486222337/1197037877327036496 first day of the week after MLK day. Things not really working. Stopped out repeatedly during last 2 days of the previous week. There were many opportunities but my execution/focus was off.  DWAC PHUN pump. Money clearly flowing in to large caps, out of IWM. Only sectors remaining were SMH and XBI holding up. XBI undercut and reclaimed 20ma. Semis and large caps on thing holding the market up. Strength identified went up if was related to tech and large cap (20bill+). Short ideas mixed but most went sideways.  Was very unsure going into next day.
2. Wednesday 17th https://discord.com/channels/1059089071932190750/1194501783486222337/1197404590744797194. XBI lost 20 day. 3 days of selling on indexes (Thurs Fri Tues, corresponding to when b/o stopped worknig). I missed this in my market prep. SMCI undercut the 20ma and there was an entry there. DDOG broke out but was low conviction. new highs and lows were equally matched on open https://discord.com/channels/1059089071932190750/1194501783486222337/1197196005880369202in but both fell, then selling quickly took over https://discord.com/channels/1059089071932190750/1194501783486222337/1197404489058103368. 
3. Thursday 18th https://discord.com/channels/1059089071932190750/1194501783486222337/1197722458426454036 very frustrating price action on this day. Indexes changed directions 4 times, but looking at the daily candle, it was trying to take out recent highs with next target being ATH. TSM reported great earnings for an EP and lit a spark in the market. Tried ARM for sympathy breakout stopped. Also stopped STNE and implemented>20bill MC rule. I made some big mistakes trying to catch MARA MR long by having the wrong stock selection (MSTR/COIN were stronger for long) leading to overtrading/revenge trading. things I did well were identifying that next day was big opportunity and the importance of bouncing back.","",""
"472133643708530689","dolivent","2024-01-21T13:54:52.4100000+08:00","4. Friday 19th https://discord.com/channels/1059089071932190750/1194501783486222337/1198483147394912456. low breadth day with money going into large caps but well prepared due to reviews in previous days. SMCI EP was should have been high on radar on pre earnings. There were many signs in Semi strength prior to this (NVDA breaking out, AMD going up alot, TMC, ARM closing strong). At the least, SMCI was worth large risk on even if it failed.","",""
"472133643708530689","dolivent","2024-01-21T14:05:46.7110000+08:00","It was a tricky week but in hindsight, there were signs to learn and apply for the next time round. Tuesday/Wednesday was the 3rd day of a 3 day pullback (economic numbers didn't seem to play a role last week).  It would have been ok to take undercut and raly setups, and the feedback would tell you if we are still in a bull market or not. 
The best opportunities were:
- RMBS TSLA AMD
- XPEV DKNG
- SAVE ARM
- SMCI CRDO VRT FSLY CVNA","",""
"472133643708530689","dolivent","2024-01-21T14:12:47.3890000+08:00","**Major lessons:**
- Sean Ryans interview made me realise how little we need to do to make stellar gains (577 trades in 47 stocks for a 150% return)
- I made 4 atempts at MARA M/R trade off 50 which resulted in a 2% loss. That exceeds my 1% max loss per ticker. Need to enforce this more. Also, coincided with a day i was on medication that increased anxiety and lack of sleep. This is a classic blueprint for ""blow up days"" that I have. 
- Here are rules i implemented in the last mini blow up https://discord.com/channels/1059089071932190750/1184387788536303626/1184395704332988486. Summary of past mini blow ups https://discord.com/channels/1059089071932190750/1184387788536303626/1187238289325969519. I implemented the no trade rule for Wed 18/01/2024 but was *easy* as it matched my SA. Underestimated compound effect of stress over multile days.
- I think I have acquired the skill of bouncing back after bad beats now. Still feels like death but it is good to know.","",""
"472133643708530689","dolivent","2024-01-21T14:32:24.3290000+08:00","- I still need to work on last weeks lessons 2 & 3. I will trim down on exposure after ay 3-5. I will also be more robust in my scenerio planning. E.g NVDA and SMCI are in my port. they are both 3 and 5 ADR away from the 10ma, which warrants sells. If they go down, i will be giving quite a bit back. On the other hand, they are crazy strong leaders of leaders. Never the less they are 101.5% and 36.8% which are likely oversized (especially NVDA)","",""
"472133643708530689","dolivent","2024-01-27T17:12:03.5220000+08:00",".












.","",""
"472133643708530689","dolivent","2024-01-27T17:15:47.8950000+08:00","__**Week 4 **__ week of 22/1/2024 (-62,247)","",""
"472133643708530689","dolivent","2024-01-27T17:25:04.6320000+08:00","1. Monday 22nd https://discord.com/channels/1059089071932190750/1194501783486222337/1198866913787387995. The day after we broke out into new highs and day 3. SA was, normally would be extended, but because it was a big breakout into large base, could get more extended. After a weekend study, it showed that the market at least goes up another 1-2 weeks before making any sort of correction. breadth at 50 so could go either way. 

- SNOW TDW PHUN WEAV MNDY ASO  GEO DWAC AXSM held their breakouts, but none went straight up. 
- Breadth was strong in the morning
- Trades were NAIL AFRM PLTR **DWAC** DPST. Losses contained at -4481. I identified DWAC as a mistake and closed it out at b/e. the mistake was identifying a false mistake. Overall, this is a find loss 0.5% of account on gap up and strong breadth","",""
"472133643708530689","dolivent","2024-01-27T17:30:41.6560000+08:00","2. Tusday 23rd https://discord.com/channels/1059089071932190750/1194501783486222337/1199243114615939163 All week, strength in few leaders and largecaps. IWM challenged by rates TMV. Prior day had strong moves, but bredth was only 417 rather than 800+. 

- Best movers were RVSN (EP contract) SNOW and China names after stimulous was released. Best names were beated down names like BABA NTES while RS names like TAL and EDU filled the gap sharply. UEC had an entry off the 10ma bounce. This came back on day 3
- Continued strength in breadth was not seen. Buying and selling were matched at open
- No trades for me on this day","",""
"472133643708530689","dolivent","2024-01-27T17:41:38.8180000+08:00","3. Wednesday 24th https://discord.com/channels/1059089071932190750/1194501783486222337/1199605402216710144 small caps and growth failed to follow through with rates weighing on them. Megas continue to be strong. 

- NFLX was an EP on this day with improved subscriber growth. RYTM broke out mid day with minervinis chat room in on the move. 
- ❌  I made a mistake this day trying ZIM on large size with tight stops 4 times costing -11,641.  Other losses on the day were -10,837. After making the ZIM mistake, I chose to close out RYTM and NFLX on market weakness instead of trailing some. The ZIM mistake compounded
- DDOG sold off hard which was a shot across the bow 🚩","",""
"472133643708530689","dolivent","2024-01-27T17:42:21.8630000+08:00","- Breadth was bad on this day with buying/selling equally matched, but then selling taking over","",""
"472133643708530689","dolivent","2024-01-27T17:44:55.9200000+08:00","4. Thursday 25th https://discord.com/channels/1059089071932190750/1194501783486222337/1199929253995753492 like previous days, caution was the SA with EPs in play and breakout cautious. Megas strong, smalls weak TMV. We got some warning shots with DDOG, SNOW squat and NAIL failed breakout. Biotech watchlist held up fine. TSLA had bad earnings. A few red flags piling up 🚩 🚩 🚩","",""
"472133643708530689","dolivent","2024-01-27T17:47:47.9200000+08:00","- I tried AMSC EP which had a big beat. Stopped when it broke LOD and then reclaimed VWAP and never looked back (need to investigate why i wasnt able to get a full size position). Tricky entry. Other EPs were AAL, URI and IBM. IBM was the right sector and right news and it was playable. 
- EPs have been quite illiquid even though they trade large volume. this shouldnt be something to be put off by going forward","",""
"472133643708530689","dolivent","2024-01-27T17:49:21.1860000+08:00","- In pre market, i said that this was a time to do less and hold onto profits to compound on going forward. 
> it is the perfect time to reference this image. If i literally just stop now and come back after a correction, I will be in an awesome place. The area under my PNL line will have grown despite doing NOTHING","",""
"472133643708530689","dolivent","2024-01-27T17:49:37.7110000+08:00","- little did i know i would fuck up so badly the next day","",""
"472133643708530689","dolivent","2024-01-27T17:52:20.4500000+08:00","5. Friday https://discord.com/channels/1059089071932190750/1194501783486222337/1200386885520986112 more red flags in pre market. KLAC and INTC semis names gapped down 🚩","",""
"472133643708530689","dolivent","2024-01-27T17:57:03.2100000+08:00","- 2 good EPs APPF with profitability beat ORH entry. CRBP i have tagged as glp-1 but had cancer news EP entry was tricky but went up 115% in the day. 
- I traded Z ARDX, TNA LABU (9x, -16,899) and LABD (8x, -16,4087). The main issue is the repeated attempts in LABU and LABD. the other losses are acceptable. The main issue is that XBI and IWM were in range and there was no trade triggered. These were anticipation in range.","",""
"472133643708530689","dolivent","2024-01-27T19:14:59.9990000+08:00","Best Swing opportunities this week:
- Monday 22 : (bo: AXSM BIMI MNDY WEAV PHUN DWAC TDW SNOW )
- Tuesday 23: EPs: RVSN (bo: SNOW)
- Wednesday 24: EPs: ASML NFLX (BO: OSCR, CCTG Hourly bo, MREO bo) (KURA not an EP due to news. offering)
- Thursday 25: EPs: AAL URI VERA IBM (BO: UBER bo, STNE bo, RVSN 3m bo)
- Friday 26: EPs: CRPB APPF (TBD: ABNB bo)

Summary:
- This week was okay, until Thursday where it turned very unprofessional. Key mistake: anticipating breakouts. 
- Losses lead to twisted reasoning like cutting off winners to ""pay"" for the losers (net realised pnl for day) like NFLX.
- This also leads to tunnel vision, revenge trading and not focusing on the right opportunities like APPV and CRBP. 
- Returns YTD so far are:","",""
"472133643708530689","dolivent","2024-01-27T19:15:00.8620000+08:00","1.  Week 1:  -1.1% ytd
2. Week 2:  +6.44% ytd
3. Week 3: +21.68% ytd
4. Week 4: +14.95% ytd","",""
"472133643708530689","dolivent","2024-01-27T19:18:12.7280000+08:00","- in terms of bobble head, things looks much worse than the pnl trend. I would say consistency was solid and then i took a big nose dive in the last 2 days. This will show in pnl since the opportunity cost of missing a few EPs compounds pure losses from overtrading.","",""
"472133643708530689","dolivent","2024-01-27T19:18:50.3630000+08:00","- Going forward, I need to just regain focus. theres not much I can do but just continue unaffected by the last 2 days. Theres still the big majority of the year left.","",""
"472133643708530689","dolivent","2024-01-27T19:55:47.2380000+08:00","**Major mistakes thus far this year**
1. not selling into strength when oversized or on margin (and in general)
2. not following SA (discipline)

derivatives of mistake 2 are:
2a. using bull market tactics like anticipation and oversizing when SA is chop
2b. tunnel vision on revenge trading instead of focusing on the main opportunities (EPs instead of BOs)
2c. selling profitable positions early and cutting off upside to ""finance"" overtrading losses.","",""
"472133643708530689","dolivent","2024-01-27T19:56:27.0690000+08:00","**Gameplan for next week**","",""
"472133643708530689","dolivent","2024-01-27T19:56:58.3270000+08:00","- Good news is that i can totally ignore Breakouts next week and focus only on stocks in play ie earnings EPs and trade for the first hour then just leave the screens","",""
"472133643708530689","dolivent","2024-01-31T14:07:35.7880000+08:00","Changed the channel name: d Weekly diary","",""
"472133643708530689","dolivent","2024-01-31T14:32:36.2820000+08:00","too long. keep it short

.












.","",""
"472133643708530689","dolivent","2024-02-04T17:32:06.3980000+08:00","__**Week 5**__ week of 29/1/2024 (-28,085)","",""
"472133643708530689","dolivent","2024-02-04T17:32:12.9520000+08:00","Week 5 review
An event filled week that affected markets. 
- Tuesday , news of lower than expected debt. MSFT GOOG AMD reported with sell off reactions. 
- Wednesday, FOMC caused a volatile reaction going up then selling off sharply. NYBC big sell off after news of trouble after acquiring troubled bank assets last year.  
- Thursday, DPST sold off on NYBC news. During the session, Atlanta fed raised GDP expectation from 3% to 4%. After hours META AMZN reported with wild gap ups. AAPL Gapped down. 
- Friday, market gap up pre market. Then jobs report had strong numbers, cooling off the gap. Yet AI infra names went up a lot on AMZN comments on upgrading their capabilities. Even GOOG and AAPL had strong reclaim candles on volume while AMZN and META held their big gaps. NVDA AMD CRWD had strong continuation breakouts. There’s no arguing with price, it’s a bull market!

What an incredibly frustrating market to trade this week. The overall trend of money into mega caps has not changed, with everything else not really working. The large caps were tested on FOMC day but reclaimed swiftly. 

Best opportunities this week
- NXT UEC AFRM short, PTON short 
- SNOW MNDY
- FATE EYPT 
- FUBO ELF MDB
- Not sure if these will follow through. 
- Opportunity set much worse then 2 weeks ago 

My own trading 
- it is no surprise that for the entire week, my strategy was to not take breakouts and only take EPs, it I struggled to adhere to that plan.
- A large takeaway is ofcourse to be very careful around major economic and reporting events. My previous objective was to not wait for strong EPs before taking subsequent ones. I have done this but perhaps gone too far. Be cautious of other external events. 
- The opportunity set wasn’t really there this week so there’s not much to gain from review of winners.","",""
"472133643708530689","dolivent","2024-02-10T10:47:24.2330000+08:00",".












.","",""
"472133643708530689","dolivent","2024-02-10T10:47:25.4000000+08:00","__**Week 6**__ week of 5/2/2024 (+231,860)","",""
"472133643708530689","dolivent","2024-02-10T11:06:26.3880000+08:00","**Week in review:**
After a very challenging week for traders last week, mid week we started seeing signs of strength under the hood. On Thursday and Friday, I went to bed to a weak market, and woke up to a strong one (closed strong). 
- __Monday__ 5/2/2024 https://discord.com/channels/1059089071932190750/1194501783486222337/1204076083478143017 weak market in morning except for PHUN and DWAC breakouts. Closed strong again despite quite market overall (3rd day)
- __Tuesday __6/2/2024 https://discord.com/channels/1059089071932190750/1194501783486222337/1204430179993124895 EPs continue to work with GEHC. ALT breakout and PLTR EP. Very strong day with strong breadth at the open and new lows tapering off while highs pushed on. First time in a while that things continued to show strength after first hour with new high alerts going off. 
- __Wednesday  __7/2/2024  https://discord.com/channels/1059089071932190750/1194501783486222337/1204799318448414781 BTC beautiful setup and making an anticipation move. CLSK had a day 2 intraday continuation pattern and scale in as it works. COHR day 2 EP entry as EPs become ""obvious"" and shakeout eager buyers
- __Thursday  __8/2/2024 https://discord.com/channels/1059089071932190750/1194501783486222337/1205099266197028874  ARM EP, VKTX to name a few. Worm and Momentum Monitor numbers ""only"" at 300-400 but intraday action on momentum names feels like 800. ""Feels like"" bottom of the barrel names are starting to participate AI RIVN etc
- __Friday __9/2/2024 https://discord.com/channels/1059089071932190750/1194501783486222337/1205428452006568006 Day 4 since DWAC broke out and general market momentum burst. Buyers now overconfident and anticipating a breakout into NET & AFRM earnings which sapped the fuel from the EP.  It is time for Market to cool down a bit, cause some pain for traders buying laggards, then have another mom burst (3-5 days) for next wave","",""
"472133643708530689","dolivent","2024-02-10T11:08:27.2740000+08:00","Overall, we are back in a market where its easier to get a read on the market. EPs have been working, and now breakouts have been participating too. Some frustration for lagard traders makes sense before we have new breakouts","",""
"472133643708530689","dolivent","2024-02-10T12:50:06.8710000+08:00","__Best Opportunities This Week__ (small cap pumpers excluded):
- EP:    BO: **DWAC ** **PHUN**
- EP: GEHC **PLTR  ** BO: CVNA TAL
- EP:    BO: **CLSK**
- EP: **ARM ** **MPWR  **BO: **DRCT ** **PATH ** **FGEN ** **VKTX ** SOXL **MARA ** **MSTR**
- EP: **SPSC   ** BO: VERA XBI (LABU)","",""
"472133643708530689","dolivent","2024-02-10T12:56:41.0240000+08:00","__My own trading__:
After a ""1 step back"" week last week, this week we are back on track. It took about 2 weeks for me to snap out of aggressive behavior, oversizing and anticipating and now I am able to follow the plan (EPs only)

I am seeing the ball well and executing well despite a slip up on Friday. The main things that have been working are focusing on banger EPs and using historical EP performance to gauge how to handle current ones. 

If I had to find areas for improvement, it would likely be being more open minded to breakouts, but my plan was exactly the opposite so it may be fomo speaking. 

Its great to be in a market where you have fomo over missed opps and not have to get lucky to catch big moves!","",""
"472133643708530689","dolivent","2024-02-10T13:01:26.0270000+08:00","__Focus/Goal for the coming week__:
1. Game plan is to focus on EPs until most have past
2. Then take continuations on EPs after 1-2 weeks of consolidation even if they look extended, but pick the most powerful ones only
3. Continue to be very selective. The portfolio is in a great place, don't chase and get to eager and give back gains. Target for the ear is 10% per month which works out to be 200+% so just chill.","",""
"472133643708530689","dolivent","2024-02-18T15:17:42.6960000+08:00",".












.","",""
"472133643708530689","dolivent","2024-02-18T15:17:43.2250000+08:00","__**Week 7**__ week of 12/2/2024 (-36,274)","",""
"472133643708530689","dolivent","2024-02-18T15:17:43.5640000+08:00","Another tricky week with some really strong underlying strengths. It's been 2 weeks since we started seeing afternoon buying come in and great strength under the hood. SMCI finally had a blowoff short o Friday and the leaders had a weak close for the first time in 2 weeks.","",""
"472133643708530689","dolivent","2024-02-18T15:17:44.0280000+08:00","- __Monday __12/2/2024 https://discord.com/channels/1059089071932190750/1194501783486222337/1206591960022777876 BTC made a cont  push through recent highs (49k 11 Jan). ARM cont breakout from EP day (I failed to sell into). Big run in BMR with NVDA partner news. QBTS breakout of long stage 2 base (but was too illiquid to take a meaningful position). SMCI saw its first extended uncertain candle into 800 level. 
- __Tuesday __13/2/2024 https://discord.com/channels/1059089071932190750/1194501783486222337/1207027727765602314 CPI pre-market saw indexes gap down. it was a 900 -4% day. AAOI XBI/ITB gapped down through the b/o lows. day 4 of this mom burst (starting with ARM). These types of p/b test traders' sense of the market cycle &  emphasize the importance of being in leading EP/BO (first to bo) & not chasing laggard b/o on days 2+ of a wave of momentum bursts. Speculative Semi shitcos went RGTI QBTS signaling the start of a potential end-of-cycle run. 
- __Wednesday __14/2/2024 https://discord.com/channels/1059089071932190750/1194501783486222337/1207312374076276786  TRIM and MEDP 2 notable EPs. Duration/magnitude of moves in QQQ between pullbacks shorten. This is leg 4 (cautious). EPs more tricky. Day 1 seems to be tricky, day 2 entries are working better eg HOOD. NFLX UBER BO of EP continuation. LYFT MEDP TRIP EP. Gig Economy these strong. 
- __Thursday __15/2/2024 https://discord.com/channels/1059089071932190750/1194501783486222337/1207694842746896384 AI QBTS strength from earlier in the week continued. SOUN RXRX NNOX pre-market gap as NVDA positions disclosed (SDGR symp). Day 1 continues to be tricky. Day 2 entries working better (NNOX RXRX) . APP JMIA  EP. Despite opportunities, my trading hasn't been working so decided to trim heavily. HOLO Continuation. 
- __Friday __16/2/2024 https://discord.com/channels/1059089071932190750/1194501783486222337/1208064399705776169 PPI pre-market lead to market weakness. TTD EP choppy. SWAV EP. First weak afternoon in 2 weeks.","",""
"472133643708530689","dolivent","2024-02-18T15:17:44.5320000+08:00","__Best Opportunities This Week__ (small cap pumpers excluded):
- EP: **BMR** BO: **ARM** **QBTS**
- EP: JBLU TRIP MEDP  BO: 
- EP:  **LYFT  **BO: QBTS **UBER ** NFLX AMD **CRSP**
- EP: **JMIA ** **APP ** **PLCE ** BO: HOOD **HOLO ** **SDGR** **LUNR**
- EP: BO: **RXRX ** **NNOX  ** SWAV **BMR** **SOUN**","",""
"472133643708530689","dolivent","2024-02-18T15:48:58.6220000+08:00","__My own trading__:
Was an exhausting week with a packed morning schedule leaving little time to prepare and fatigue coming throughout the week (trading from asia timezone). 

This week, the P/L on new trades amounted to about a 3.5% loss of capital. Most of the losses came from EPs (HOOD DWAC NNOX SOUN TTD). If I had taken them Day 2, the success rate would have been higher. 

There was ample opportunity, mainly in shitcos with AI related PR, best ones being BMR QBTS HOLO SDGR LUNR RXRX NNOX  as well as the gig economy theme LYFT (also day 2) and UBER. In past weeks, there was also plenty of opportunity in shitcos, but were not prioritised due to legit co's, but its time to change focus as legit co leaders rest. 

If they standard cycle plays out with shitco fomo taking over after legit co-runs, then we should see big big opportunities going forward.","",""
"472133643708530689","dolivent","2024-02-18T15:50:34.9850000+08:00","__Focus/Goal for the coming week__:
1. Game plan is to focus on EP continuation and good EPs
2. Continue to be very selective. Don't chase and get to eager and give back gains. The target for the year is 10% per month which works out to be 200+%. This month's goal has already been achieved. 
3. Focus on higher r/r spots on pullbacks to key areas and pyramid into positions.","",""
"472133643708530689","dolivent","2024-02-25T13:34:05.4890000+08:00",".












.","",""
"472133643708530689","dolivent","2024-02-25T14:01:05.8030000+08:00","__**Week 8**__ week of 19/2/2024 (-1,189)
This week was pretty straightforward. Last week I got some bad feedback from the market losing about 3.5% of the account on newly opened positions. This coincided with the blowoff top in market leader SMCI. This week was account preservation mode in response. 

Because EPs trade more independently of that market compared to breakouts, they are still worth an attempt using small risk and pyramiding techniques to minimize risk. Alternatively, just skip them. I tried SQ, CVNA, and very small QBTS this week. 

Any big moves should be trimmed heavily into day 1. 

- __Monday __19/2/2024 market closed
- __Tuesday __20/2/2024 Skipped the open to enforce no trading rule. IOVA EP worked. KURA continuation break out failed badly. Oversubed share placements have been working when combined with positive business outcomes.
- __Wednesday __21/2/2024 ⁠https://discord.com/channels/1059089071932190750/1194501783486222337/1209625998522449971⁠  Started looking for bounces off key d/w mas. AMD NVDA SMCI ARM AFRM PLTR XBI ARKW YFANG SPY. other notable breakouts BIRK IOVA (d2 entry)  VTYX EP. WIX EP gap fill PXLW b/o fail.
- __Thursday __22/2/2024 ⁠https://discord.com/channels/1059089071932190750/1194501783486222337/1210237915339300894⁠ Gap up in market from NVDA positive ER. Money rushed into NVDA AMD SMCI CRWD. Other mid caps lagged. ROOT VAX AMLX EP. RXRX B/O continuation. ELF b/o held. MGNX b/o failed. CRSP hourly b/o failed.
- __Friday __23/2/2024 ⁠https://discord.com/channels/1059089071932190750/1194501783486222337/1210506384072908862⁠. We got high volume profit taking in NVDA and SMCI (options hedge unwinding?). CVNA held lows but weak close. SQ rejected stage 1 base resistance (similar to HOOD). HOOD SHAK had EP continuations of short hourly ranges.","",""
"472133643708530689","dolivent","2024-02-25T14:04:11.3470000+08:00","On Thursday, it was pretty easy to get sucked back into the market thinking that major economic and market moving events (NVDA ER) were out of the way. On deeper inspection, It was difficult to pick the stocks that would follow through, and if stock selection wasnt precise, a net negative result was expected https://discord.com/channels/1059089071932190750/1194501783486222337/1210506384072908862 . 

I think this week would have been a net negative or neutral week if I was more active. There were opportunities but would have to focus on small cap EPs and be very aggressive with taking profits on Day 1 and trail small into day 2 if at all.  

Opportunities are clearly less than the previous weeks but that being said, there were opportunities, and worth reviewing","",""
"472133643708530689","dolivent","2024-02-25T14:08:12.1920000+08:00","__Best Opportunities This Week__ :
- EP:  BO: 
- EP: **IOVA**  BO: 
- EP:  **IOVA** **VTYX** BO: BIRK CRWD (m/r)
- EP:  **NVDA** **ROOT ** **NVAX ** **AMLX ** **RXRX ** BO: AMD SMCI  ELF
- EP:  CVNA SQ AXTI BO:","",""
"472133643708530689","dolivent","2024-02-26T22:51:48.0190000+08:00",".












.","",""
"472133643708530689","dolivent","2024-02-26T22:58:16.8580000+08:00","__**Week 9**__ week of 26/2/2024 ()
After 2 weeks of high-dispersion EV setups, this week offered some really great oportunities. Still difficult to navigate and easy to get chopped up if not selective/cautious. No longer a straight-up market, but still aan uptrending market. The best returns have been in super high adr shitcos but the risk is also high with non-linear action more prevalent but old leaders also offering entries like AMD. The market is still sensitive to economic events. 

- __Monday __26/2/2024 https://discord.com/channels/1059089071932190750/1194501783486222337/1211669063596507137 ROTATION After 2 weeks of breakouts/EP not working, strong breadth ORH worked Risk first had me 1/3 sized into Crypto names. Should remember to risk more after period of cope. Its a bull market after all
 - EP:  KRYS LI ALT ZVSA BO: ARM CVNA (d2) BITO **CLSK ** **MARA ** COIN **SOUN ** AMR CLDX BTAI HIMS **RGTI** BBAI
- __Tuesday __27/2/2024 https://discord.com/channels/1059089071932190750/1194501783486222337/1212049174372286494 shitcos running hot. Tail end of a bull run. Only in this market do you feel terrible even when you’re making money!
 - EP: **JANX** HIMS BEAM **BBAI ** **CXAI ** VKTX BO: LYFT UBER JMIA QBTS PLTR NNOX
- __Wednesday __28/2/2024 https://discord.com/channels/1059089071932190750/1194501783486222337/1212413553974185994
 - EP: VIPS BYND BO: **VTYX**
- __Thursday __29/2/2024 https://discord.com/channels/1059089071932190750/1194501783486222337/1212735986493292624 Got sucked in today with gap up and economic numbers CPI. Filled the gap. Classic late stage bull run action. AI chop. Miners crushed. past few days, pre market entry for EPs has been the low risk play
 - EP: AI OKTA GDRX VERX **CELH ** BO:  **AMD ** NVDA SMCI **BYND d2**","",""
"472133643708530689","dolivent","2024-03-02T17:13:48.1910000+08:00","- __Friday __1/3/2024 https://discord.com/channels/1059089071932190750/1194501783486222337/1213133711814561802 DELL ER sparked another breadth thrust like AMZN did this season. 
 - EP:  **RDNT**  BO: **SOXL** COHR NVDA MRVL AMKR **WFRD ** **TDW ** **BBAI**

Two main market events this week were economic data CPI and DELL ER on Thur and Fri. As a result, semis strong. Oil too

__Best Opportunities This Week__ :
- EP:  **LI** **KRYS**  **ALT** BO: **MARA ** **CLSK **  **MSTR** **CONL** **BITX** **SOUN** RGTI 
- EP:  BBAI CXAI **BEAM**  BO: **JMIA** ELEV FOUR
- EP: **JANX** **ACMR ** BO: 
- EP:  CELH BO: **AMD**
- EP: TDW **SOXL** BO: WFRD

Semis , ai shitcos, gene editing, crypto, oil, Weight loss, plus random LI CELH JMIA ELEV FOUR CELH. Study the random ones and their sympathies for potential opportunities.","",""
"472133643708530689","dolivent","2024-03-02T19:41:33.5500000+08:00",".












.","",""
"472133643708530689","dolivent","2024-03-02T19:41:37.4680000+08:00","**__Week 10__**  week of 4/3/2024 (+8,041)
This is week 3 of high volatility, high EV dispersion breakouts. The best opportunities were few, OCEA NVDA (blow-offs) AVAV COIN. Breakdowns far outweighed the breakouts. My positioning has been very cautious for the past 3 weeks with executions out of sync. The biggest mistakes were cutting COIN AMD and NVDA flat or for a few percent. For the future, it's good to note that while the rest of the market fails, the few leaders can keep going up until they blow off. 

- __Monday __ 4/3/2024 SMCI gap up on S&P inclusion. NVDA and AMC showed signs of exhaustion on day 2/3 of the breakout. First weak close since the Friday after FOMC. Poor action overall.
    EP:  
    BO: COIN HIMS HMY OCEA 

-  __Tuesday__ 5/3/2024 Big gap down with FANG going down, but IWM and smalls holding okay. Many breakdowns. Breakouts ike KRYS not holding. CRWD broke down, only to gap up on big earnings surprise, can this turn the market like NVDA DELL earnings? (probably not but maybe). Notable breakdowns below. Big RS in NVDA AMD XBI? 
    EP:  AVAV 
    BO:
    BD: AI SOUN BTC OSCR GOOG AAPL TSLA QBTS DUOL APLT BYND GTLB TME MSFT 

 - __Wednesday __ 6/3/2024 Nonfarm before open gapped market up but then sold off. Jolts/Powel testifying brought the market back up but then sold off into the close. 
    EP:  
    BO: PLTR AXTI BLZE PXLW MEDP LYFT
    BD: FL JWN TAL CRWD

 - __Thursday __ 7/3/2024 Gap filled. The market seems to erase pullbacks quickly. Now range needs volatility to contract
    EP:  
    BO: 
    BD: RVLV VKTX VSCO CIEN ALT 

 - __Friday __ 8/3/2024 NVDA AMD finally had their climax reversals. The 2108 breadth was UP! BTC overshot the new ATH and then reversed heavily. 
    EP:  IOT
    BO: ARKK CLSK COIN MSTR HOOD OPRA CVNA 
    BD: AMD NVDA SMCI AMXL GNX MOD MRVL 

There has been an edge on the short side for the past 2 weeks. This is something I would like to work on for next cycle.","",""
"472133643708530689","dolivent","2024-03-13T18:43:05.5550000+08:00",".












.","",""
"472133643708530689","dolivent","2024-03-16T16:38:48.2890000+08:00","__2024-W11__ week of 2024-03-11
Another turbulent week this week with breakouts, breakdowns and EPs. Rotation out of tech, into cyclicals, while AI shitcos are the last man standing in tech land. Fed meeting Wednesday next week likely to be important. 4 Weeks since I have taken a cautious stance, learned a thing or two. 

__Monday__ 2024-03-11 China strength. Miners weak. 
  - ep: LXRX 
  - bo: BILI  XPEV YINN BB SATS **BROS**
  - bd: XBI CEIX HCC **AMR ** BITF HUT MARA CLSK  SMCI ARWR WING MNMD

__Tuesday __2024-03-12 CPI hot but market shook it off. ORCL gap held (META AMZN NVDA DELL kept the market alive on their ERs despite the market getting gradually weaker). China, AI & old large-cap leaders still strong. Gene editing dead TWST CRSP BEAM. Solar dead RUM SPWR ENPH. 
  - ep: RGLS ORCL 
 - bo: FNGU SOXL SMCI NVDA (MR) LI BZ GOTU YINN (continuation) **SOUN **QBTS  RUM KRYS VIST CPNG
  - bd: VIX SPR ONON TWST **RUN ** **ENPH** KSS **CRBU** LUV AAL

__Wednesday __2024-03-13 AI shitcos & Fintech strong
  - ep: GXAI WSM YMM **SCCO** **FCX**
  - bo: **AISP ** **CXAI ** **BMR ** IMPP ATMU  ASPN SQ ATMU CVI **PBF ** EDU GGAL RH
  - bd: **TSLA ** RIVN MRVL WW ENVX CCJ ZIM

__Thursday __2024-03-14 GOTU, SG ROOT VST,  AISP BMR and CXAI strong. Sell off day. Weak bounce, not strong buying like we have seen previously. Weak economy and high inflation data catching up to the market
  - ep: PI WIMI , HOOD HEAR LAC(fail)
  - bo: BMR (Continuation) AXTI OCEA NNOX JMIA OCEA (fail)
  - bd: IWM BTC (pullback 10day) KRE XBI UAA RIVN PATH ENPH COIN FUTU PGY **AFRM ** S **UPST ** ARDX

__Friday __2024-03-15
  - ep: **HEAR **(d2) **WIMI **(d2) 
  - bo: MSOS CVNA AXTI EH NNOX **SCCO ** **FCX ** HBI 
  - bd: GRPN COMP ADBE QQQ SPY BLZE UBER AVAV Z COMP","",""
"472133643708530689","dolivent","2024-03-16T16:38:57.7690000+08:00","__This Weeks Best Opportunities:__
  ep: SCCO FCX 
  bo: BROS SOUN AISP CXAI BMR PBF
  bd: AMR RUN ENPH CRBU TSLA AFRM UPST

Rotation in to cyclicals, copper being the clearest winner with some oil participation PBF. Restaurants like BROS SG continue to followthrough with force. Select AI shitcos continue to offer opportunities and be strong despite overall breadth deterioration SOUN AISP CXAI BMR. 

This week, the higher conviction longs would have been in the cyclicals (Copper, 1min orh), and breakdowns given how late stage we are from the November 2nd breadth thrust. AI shitcos continued to offer oportunities (albeit with loose entry tactics) and it is the last man standing as the rest of tech pulls back. 

__My own trading__:
- Did not trade this week
- 4th week of caution since I started seeing red flags in the market
- In that time, I was too conserative and left opportunities on the table (at least 20% account growth)
- Continued spots of strength for 4 weeks even though sloppy action started showing is something I havent seen in a few years....

__Next weeks game plan__: 
Based on this weeks stock feedback, with breakdowns outpacing breakouts/EPs, bias is to:
- Monitor AI shitcos, keeping in mind breadth is contracting in tech, not expanding
- Monitor cyclicals where bredth is expanding
- Continue to track breakdowns as this wave has already lasted a week or two. See if there are signs of a bouce, followed by a second leg.
- Fed meeting Wednesday likley a catalyst","",""
"472133643708530689","dolivent","2024-03-18T16:04:44.7320000+08:00",".












.","",""
"472133643708530689","dolivent","2024-03-20T17:29:40.8820000+08:00","**__2024-W12__** week of 2024-03-18
On the long side, the two best opportunities were the EPs in weed names. News of roundtable in US and then legalisation in Germany 3 days later. On Short side, SMCI and MSTR. Two major events were NVDA conference and FOMC. The reaction was positive with linear up move and gap up, but this made followthrough difficult on day 2 despite NVDA breaking out. 

Opportunities are still thin, but we are somewhat improved vs previous few weeks. Still not a positive EV environment where stocks go straight up alot, but stock selection is improved and watchlist stocks are responding. FOMC day range is the new benchmark to gauge sentiment and followthrough. 

__Monday__ 2024-03-18 NVDA & GOOG gap up. If it held, it would warrant a bias change but they lost their gap lows or gap-filled. Traditional leaders breaking down. Shitco strength shifts to Weed stocks/shrooms. Battery shitcos also strong.
  ep: GOOG **CGC** **ACB** **MSOS** STI
  bo: MNMD APP **HIMS** **LICY** 
  pb:
  bd: DWAC RBLX LI **SMCI** **MSTR** BTC EH GCT

__Tuesday__ 2024-03-19 Some strength in Gene biotechs. EVTOL. 
  ep: CRNX **VERI **
  bo: **ERJ** TME ALPN ACLX APM
  pb: REAL 
  bd: ROOT SMR WIMI

**__Wednesday__** 2024-03-20 FOMC taken well by the market. No undercut of LOD and ""clean"" continuation with breadth thrust. This qualifies for a bias change. We are still extended but correcting via time, so maybe we are ready to continue chopping higher. Semis response muted until MU reported and broke out of 3-year base. It's likely that we get a short momentum burst and need to be quick in the leaders and resist laggards or get chopped up. 
  ep: PDD ALAB
  bo: **CLSK** CROX UBER SHAK **DKNG** CVNA CGC F QFIN KC FROG LYFT
  pb: BTC IOVA VKTX ROOT COIN 
  bd: AISP AQST SIG APM POWL","",""
"472133643708530689","dolivent","2024-03-20T17:29:41.5340000+08:00","__Thursday__ 2024-03-21 Big gap up on strong response to FOMC. Still a bull market but extended and alo 3rd up day in a row. Gap up made followthrough difficult, but still this is not the same bull market as 2 months ago. Tactics are very very challenged right now
  ep: MU LU RDDT
  bo: GOEV AXTI CLS COHR ELF MSOS NVDA
  pb: 
  bd: SOUN 

__Friday__ 2024-03-22 NVDA continues after a choppy breakout yesterday. Weed catalyst being legalized in Germany
  ep: **CGC ** TLRY **ACB **
  bo: **NVDA**
  pb:
  bd: XPEV VIPS FOUR GXAI DWAC


__This Weeks Best Opportunities__:
  ep: CGC ACB MSOS VERI 
  bo: HIMS LICY CLSK DKNG
  pb: 
  bd: SMCI MSTR SOUN

Weed names were the best opportunity with a solid catalyst. Entries where stops moved to B/e on day one would have been stopped but the continuation EP was a clean ORH play. All in all, if all breakouts were taken during the week, it would likely have been flat or negative. There were a few entries on FOMC day prior to the report and independent catalyst-driven EPs on Monday and Wednesday. 

__My own trading__: 
- The only trade I took was NVDA day after FOMC. 
- In hindsight mistakes were that, it was a 3rd day large gap up on indexes and I chose NVDX which doubled my R due to slippage. 
- On the positive side, I implemented the strategy well (keeping weekend bias then switching with FOMC catalyst). 

- For these intraweek catalysts, I have been using significant events like NVDA conference, GOOG/AAPL news or FOMC ranges as gauges for sentiment. This has been a more qualitative way to gauge the market. 

__Next weeks game plan__: 
- There have been fewer breakouts in speculative growth this week, but also fewer breakdowns
- Last weeks tech breakdowns are reclaiming/consolidating
- Comods continuing
- Bias remains bearish/chop unless there are intraweek catalysts, or if there are event-driven EPs.","",""
"472133643708530689","dolivent","2024-03-26T10:15:22.4680000+08:00",".












.","",""
"472133643708530689","dolivent","2024-03-29T14:46:31.2670000+08:00","**__2024-W13__** week of 2024-03-25
Another quiet week with a few opportunities in Crypto,  IPO RDDIT, and China stocks. Followthourgh is difficult to find, and squat quickly on day 2.

 We are on month 5 since the start of this uptrend on Nov 2nd 2023. This is 19weeks which is very unusual. We have seen sloppy action since Week 8 (5 weeks ago). 

It will take either a quick correction/flush to reset positioning or the start of a new earnings season and good reports from neglected stocks to provide more opportunity. 

__Monday__ 2024-03-25 Semis (MU NVDA SMCI) , Crypto (BITX CLSK MSTR) and Meme stocks (RDDT GME DWAC MNY)
  ep: LCID MNY GME **DWAC **(DJT) TH (IDN continuation) CRWD 
  bo: **BITX** **CLSK ** **MSTR ** **RDDT ** ALAB MU SMCI ARM 
  pb: 
  bd: 

__Tuesday__ 2024-03-26 Consumer Confidence 10am. Low liquidity day. Saw sharp distribution into close. 
  ep: DWAC DNUT MESO STOK SWAV (buyout rumors) VKTX SMTC
  bo: 
  pb: 
  bd: CDLX ARM GOEV (NVDA SMCI?)

__Wednesday__ 2024-03-27 6pm FOMC Member Waller Speaks. Opposite of last session. Sell off all day into rally last 30min. Strong breadth thrust of 459+ but not reflected in individual stocks.
  ep: IBIO STOK (d2) 
  bo: MSOS CGC RUN FSLR ENPH SPHR
  pb: 
  bd: DNUT RDDT CELH 
  mr: SMR

__Thursday__ 2024-03-28 8:30 GDP & Unemployment Claims. 10am consumer sentiment & house sales. 
  ep: AVTX **RH** 
  bo: **BTBT ** **EH** **DQ**
  pb: 
  bd:","",""
"472133643708530689","dolivent","2024-03-29T14:46:37.5190000+08:00","__Friday__ 2024-03-29 Market Closed. Easter Friday. 8:30 Core CPE. 10am Powel Speaks. 


__This Weeks Best Opportunities__:
  ep: DWAC (DJT) RH
  bo: BITX **CLSK  ** MSTR  **RDDT ** BTBT EH DQ
  pb: 
  bd: 

On Monday, we saw strength in meme stocks RDDT GME DWAC MNY. There was strength into aftermarket in in pre market and there was potential for things to heat up, similar to what we saw in Weed stocks last week. 

__My own trading__: 
As per the process, this qualified for change in bias. I traded DJT on the gap up but quickly got stopped. This is the second week of ""getting sucked back in"" to the market without positive feedback. Important to stay conservative on small size until we get traction. 

__Next weeks game plan__: 
Bias continues to be bearish for next week.","",""
"472133643708530689","dolivent","2024-04-01T17:11:49.9460000+08:00",".












.","",""
"472133643708530689","dolivent","2024-04-01T17:11:51.0340000+08:00","**__2024-W14__** week of 2024-04-01
Catalyst-driven stocks continue to be the best opportunities. Notably, weed. Economic Number heavy week with bearish engulfing on Thursday. 

__Monday__ 2024-04-01 10:00am ISM Manufacturing
  ep: CXAI **CCJ** URNM
  bo: IREN NXE LPG
  pb:
  bd: DJT AMC COIN

__Tuesday__ 2024-04-02 10:00am JOLTS
  ep: **VVPR ** GSIT
  bo: **ACB ** QFIN **IMPP**
  pb:
  bd: XBI BTC IWM GOEV EH HBI NCLH NAIL RH NXT 

__Wednesday__ 2024-04-03 8:15am Non Farm Employment, 10:00am Services PMI, 12:10pm Powel speaks
  ep: GSIT IMPP
  bo:
  pb:
  bd:

__Thursday__ 2024-04-04 8:30am Unemployment
  ep: **ACB ** **AG ** **CGC ** TLRY 
  bo: DXYZ **MNMD** SIG
  pb:
  bd:

__Friday__ 2024-04-05 8:30am Hourly Earnings/Non-Farm Empl/Unemployment
  ep: **CADL** MGNX **MDIA**
  bo: HUYA IQ
  pb:
  bd:

__This Weeks Best Opportunities__:
  ep: CCJ VVPR ACB AG CGC CADL MDIA 
  bo: ACB IMPP SIG 
  pb:
  bd:
M&A activity incl SPAC. Weed. Uranium. 

__My own trading__: 
No trades 

__Next weeks game plan__: 
Focus on catalyst-driven stocks only. Wait for the next earnings season otherwise.","",""
"472133643708530689","dolivent","2024-04-08T20:12:39.2320000+08:00",".












.","",""
"472133643708530689","dolivent","2024-04-08T20:16:00.8080000+08:00","**__2024-W15__** week of 2024-04-08
Week filled with 

__Monday__ 2024-04-08 
  ep: 
  bo: IBIT MP CXAI 
  pb: 
  bd: 

__Tuesday__ 2024-04-09 
  ep: 
  bo: BMR BL MRNA **RVMD **
  pb: 
  bd: 

__Wednesday__ 2024-04-10 8:30am Core CPI. 2pm FOMC minutes
  ep: 
  bo: **ALPN ** **JANX **
  pb: 
  bd: 

__Thursday__ 2024-04-11 8:30am Core PPI. Breakout in indexes
  ep: **RENT **
  bo: FNGU LYFT 
  pb: 
  bd: 

__Friday__ 2024-04-12 10:00am Consumer sentiment. Gap down and reverse. Bad sign/character change. News of more conflict in middle east
  ep:  INDO TPET HUSA 
  bo: VXX 
  pb: 
  bd: 

__This Weeks Best Opportunities__:
  ep: RENT INDO TPET HUSA 
  bo: RVMD ALPN JANX 
  pb:
  bd:

The strongest stocks were biotechs and RENT. EP in oil names INDO HUSA TPET The character of market is not good for longs and worsening. 

ideal tactics for the week: Sit out

__My own trading__: 
No trades

__Next weeks game plan__: 
Watch for EP and earnings season","",""
"472133643708530689","dolivent","2024-04-17T11:35:05.8660000+08:00",".












.","",""
"472133643708530689","dolivent","2024-04-17T12:02:35.0380000+08:00","**__2024-W16__** week of 2024-04-15
The long opportunities started to thin around W8-10. Since then, gradual breadth deterioration, with AI/SEMI leaders finally breaking down here in W16 NVDA SMCI ARM. 6-8 weeks in from the end of the straight up market, we ere finally seeing capitulatory action on sell-side (equivalent to straight up on long side where trash goes last, except here, leaders go last). Watching next week or two for some change of character to the upside

__Monday__ 2024-04-15 8:30am Manuf Index Core retail sales 
  ep: KAVL 
  bo: 
  pb: 
  bd: QQQ CZOO BHVN COIN

__Tuesday__ 2024-04-16 1:15pm Powel speaks
  ep: ITCI WISA 
  bo: HCC
  pb: COIN HE
  bd: 

__Wednesday__ 2024-04-17 
  ep: UAL INVO
  bo: MSOS
  pb: 
  bd: ROOT **ARM ** SMH NVDA  DKNG 

__Thursday__ 2024-04-18 8:30am Unemployment Claims
  ep: BPTH
  bo: 
  pb: 
  bd: CXAI 

__Friday__ 2024-04-19 
  ep: 
  bo: 
  pb: 
  bd: **SMCI ** NVDA 

__This Weeks Best Opportunities__:
  ep:
  bo:
  pb:
  bd: ARM SMCI

ARM breakdown should have put the other semis inc. NVDA SMCI on radar for short. 

__My own trading__: 
No trades.

__Next weeks game plan__: 
- Look for potential mean reversions on Leaders. 
- EPs","",""
"472133643708530689","dolivent","2024-04-23T18:27:40.1990000+08:00",".












.","",""
"472133643708530689","dolivent","2024-04-23T18:27:41.5750000+08:00","**__2024-W17__** week of 2024-04-22
After capitulation selling last week in ARM and SMCI (previous leaders), we see signs of relief. Notably, Breakouts that are following through, ""news failures"" like TSLA and the stagflation data on Thursday. For SIP and EP, expecting more mixed behaviour since we had 2 back to back strong ER seasons, but breakouts seem to be picking up with followthrough now too. Will track and update bias more regularly than past 4 or 5 months. 

__Monday__ 2024-04-22  
  ep: MTTR 
  bo: BMA ZIM **AGBA ** PDD  RIOT IQ WFRD
  pb: 
  bd: 

__Tuesday__ 2024-04-23 9:45am Manufacturing/Services PMI. Big breadth day + gap up and followthrough = strength. Crypto, China, Weed standout. Temp line in sand. Need to hold
  ep: SPOT GE MEDP 
  bo: CZOO HCP **ACB ** CGC **FUTU ** TNDM SNDL ELF **SG ** COIN ROOT **GEV ** KLG MDB IOT IBP GTLB ASAN CVNA AVAV TDW NCLH ROKU 
  pb: **SG** **ROOT** **COIN** 
  bd: 

__Wednesday__ 2024-04-24 **TSLA news failure  + Wyckoff spring**
  ep: RILY **TSLA ** VRT  
  bo: BILI GME 
  pb: 
  bd: SPOT EDU

__Thursday__ 2024-04-25 8:30am GDP/Unemployment. Weak growth high inflation = stagflation. **Postive news failure** Line in sand reemphasised. AMZN held previous gap (ai **infra **news), but META lost it. Gold broke out and reclaimed the gap down.
  ep: **PI ** **NEM ** TECK **TAL **
  ep d2: RILY **VRT**
  bo: MRUS GDX HCC
  pb: **MRUS** 
  bd: META AMZN

__Friday__ 2024-04-26 8:30am PCE 10:00am Consumer sentiment GOOG MSFT gap up. 
  ep: **ZIM ** IBRX
  bo: **ALAB ** CAVA SG CVNA ANF AEO BEKE NVDA
  pb: **CVNA** **CAVA**  ANF AEO
  bd: DXCM TEAM","",""
"472133643708530689","dolivent","2024-04-29T14:10:13.7820000+08:00","Weekly pullback buys are the theme. Suggests we are still in a longer term bull market. 

__This Weeks Best Opportunities__:
  ep: TSLA PI NEM TAL ZIM
  ep2: VRT
  bo: AGBA FUTU SG  **GEV ** ALAB **CVNA** **CAVA **
  pb: **SG ** **ROOT ** COIN **MRUS ** CVNA CAVA 
  bd: 

Restaurants. Datacenter hardware. Momentum stocks with random themes Insurance, Biotech, CVNA.

Daily entry spots using weekly pullback off key MAs. 

__My own trading__: 
No trades

__Next weeks game plan__: 
Breakouts are starting to work. Its Earnings season so looking at stocks in play/EPs as key focus. Continue to track more activly daily and update bias regularly. For now, still cautious but starting to sense a shift from negative EV toward positive EV","",""
"472133643708530689","dolivent","2024-04-30T17:32:35.4290000+08:00",".












.","",""
"472133643708530689","dolivent","2024-05-05T17:49:05.7750000+08:00","**__2024-W18__** week of 2024-04-29
Improving action 2 weeks in a row now. Non ER breakdowns also reclaiming quickly. Index held the stagflation ""news failue"". Many more breakouts/SIP and followthrough. Not straight up yet but action good enough to get stops to b/e for free look. Notable sectors were battery/power, weed, china, biotech. Weed and China were ""chaseable"" showing group strength at open. 

__Monday__ 2024-04-29 TSLA going up could spark speculation in overall market. Alternative power theme for dataceners. Overlap with bitcoin mining. Restaurants related to Ozempic?
  ep: TSLA MULN ALTM 
  bo: CSIQ **FLNC** NXE DNN **JANX**
  pb: 
  bd: 

__Tuesday__ 2024-04-30 8:30am Employment Cost index 10:00am Consumer Confidence. Weed big EP. 
  ep: **CGC ** **ACB** **TLRY** **MSOS** **SNDL** AGBA **ATI ** **THC ** **EAT ** PYPL
  bo: **SNAP**
  pb: 
  bd: WBD COIN MSTR SOFI BTC UCO

__Wednesday__ 2024-05-01 8:15am ADP Non-Farm Employment Change, 9:45am Final Manufacturing PMI, 10:00am PMI/JOLTS Job Openings, 2:00pm Federal Funds Rate/FOMC statement, 2:30pm FOMC Press Conference. Weed names faded after big one day move. Thematics also do not have holding power. **Indexes held their 23/25 lows (the negative news failure) which is a key level for me. If it breaks, it means that the news failure is nullified**. TMDX didnt ""work"" but given the correlated selling, it held up notably. 
  ep: **TMDX ** **CTMX** PINS POWL **CRS ** **PRCT ** TECH LIVN **BEPC ** NIO 
  bo: RNA **AY **
  pb: MDIA RENT 
  bd: CGC ACB TLRY SNDL MSOS NCLH OI DBRG EL SG XBI FLEX SQ SITE CENX ARM GNRC EBRG","",""
"472133643708530689","dolivent","2024-05-05T17:49:20.6730000+08:00","__Thursday__ 2024-05-02 8:30am Unemployment Claims Labour costs. Labour costs high, but market shrugged it off. **Conntinued to hold that key level**. China stocks stand out RS today
  ep: **ASPN ** BPMC CVNA **EBS ** **ENVX ** LNTH **MRNA ** **QTWO** ITRA
  bo: **BABA ** **JD ** **PDD ** **NTES** BIDU **BEKE** **FUTU** XPEV MNSO ** BILI ** QFIN GOTU **GME ** MPWR 
  pb: SG 
  bd: FSLY FRSH ROOT DASH PAYC CGC PENN ALCC POWL ACB

__Friday__ 2024-05-03 8:30am Average Hourly Earnings m/m Non-Farm Employment Change Unemployment Rate, 10:00am ISM Service PMI. Stagflationary numbers and the market **held**. 
  ep: SGBX GME **TWST ** ARDX **TNDM** **TDW**
  bo: **ALCC ** AUR GEV SMR NVDA GTLS **NU ** **FSLR ** **UNG** CEG
  pb: 
  bd: 

__This Weeks Best Opportunities__:
  ep: **FLNC ** **JANX ** **CGC ACB TLRY SNDL MSOS** ATI THC EAT TMDX **CTMX** CRS PRCT **BEPC ** **ASPN ** EBS ENVX MRNA QTWO TWST TNDM TDW
  bo: SNAP AY** BABA JD PDD NTES BEKE FUTU BILI** GME ALCC NU FSLR UNG
  pb: 
  bd:
__
**Sectors**__
Energy Storage: **FLNC ** ENVX 
Energy Generation: **BEPC** AY ALCC FSLR
Specialty Materials (Steel): ATI CRS 
Specialty Materials (Aerogels): **ASPN**

Weed: **CGC ACB TLRY SNDL MSOS**
Healthcare: THC
Vaccine (non covid): MRNA
Organ Transplant: TMDX
Opioid Overdoes: **EBS**
Cancer stage 1: **JANX ** **CTMX **
Surgical Robots: PRCT
Insulin Delivery: TNDM 
Gene editing: TWST 

Restaurants: EAT

Fintech: QTWO
Social Media: SNAP 

Offshore Support Vessel: TDW
Natural Gas: UNG

China: BABA JD PDD NTES **BEKE ** **FUTU ** BILI

__Playable stocks__
- Weed daytrades through key levels with mathamatical stops
- Dartboard list of chinese companys
Expected value has been expanding across opportunity set. Not a straight up market yet, but should be taking shots and seeing what sticks.","",""
"472133643708530689","dolivent","2024-05-05T17:49:49.3970000+08:00","__My own trading__: 
No trades, which is starting to feel stupider and stupider. A good sign that things are improving

__Next weeks game plan__: 
Cautious with indexes still on backside, but we have shown signs of bottoming already. We have had 2 weeks of gradually improving action for our stocks. Some new sectors showing proliferating strength which is positive. I think this warants a bullish bias next week to test waters, being cautious that we may be trying lagards now. Also, if we see another wave of selling as GDX and COPX break out for another leg, a correlated sell day can still impact breakouts.
- No major economic released next week
- Focus on SIP/EP
- Breakouts more likely to work now. Focus on key sectors
- Small size.","",""
"472133643708530689","dolivent","2024-05-05T17:50:05.5440000+08:00",".












.","",""
"472133643708530689","dolivent","2024-05-05T19:04:12.5700000+08:00","Changed the channel name: d Weekly Diary","",""
"472133643708530689","dolivent","2024-05-13T12:26:12.0830000+08:00","**__2024-W19__** week of 2024-05-06
An important week for me to do review. Starting to get tired of waiting. There are some breakouts working, overall still a low EV high dispersion environment. Spots of opportunity for the ""stock picker"" like Shippers and restaurants. 

__Monday__ 2024-05-06 Day 2 followthrough
  ep: 
  bo: NVDA BGC VIST EH FIX  **MOD ** AGBA CRWD IAG NUGT AAL UAL **ZIM**
  pb: SOUN CXAI  
  bd: EYPT IART AMR 

__Tuesday__ 2024-05-07 Day 3 pullback
  ep: AMBC COKE CROX DSGN  FMC GFS REAX GSUN
  bo:  SMMT GOOG
  pb: **ROOT**
  bd: BYON BLDR ATKR DDOG 

__Wednesday__ 2024-05-08
  ep: AFRM RDDT **TOST ** BRFS LYFT BRFS CFLT GFF PAYO ** INOD TEVA TOST ** **BROS** **ANET**
  bo: 
  pb: 
  bd: INSP **SHOP ** NXE RPD AFRM GLBE RRR 

__Thursday__ 2024-05-09 Jobless claims show weak economy. Market positive. Silver/Gold sector breakout. Meme stocks DJT GME notable
  ep: HOOD
  bo: **AGQ ** SILJ HL CDE **EXK ** FSM PAAS NVMI **NUGT ** JNUG NEM UNG  NRG ALCC UUUU **GME** **DJT  ** W RH QFIN TAL ROOT PLNT APP CELH AUR TDS ZIM 
  pb: 
  bd: **HOOD ** CTMX DUOL FLNC MODG

__Friday__ 2024-05-10 10:00am Consumer Sentiment
  ep: **LIDR ** NVAX SG GH IAG NTRA SOUN CAVA
  bo: BROS ANET 
  pb: 
  bd: FROG IOVA BHVN U AMN EVH OKLO ACMR PODD VCTR FTRE","",""
"472133643708530689","dolivent","2024-05-13T12:26:18.0490000+08:00","__This Weeks Best Opportunities__:
  ep: MOD ZIM INOD TEVA TOST BROS ANET
  bo: **AGQ ** EXK NUGT **GME ** DJT
  pb: ROOT
  bd: SHOP HOOD

This week, im cutting the ""best opportunities"" up like this:
High conviction, Small move: MOD AGQ EXK NUGT 
Low conviction, Big Move: ZIM BROS ANET ROOT, HOOD 
Low conviction, Small move: TEVA TOST, SHOP
Daytrade: INOD GME DJT

The section I need to calibrate to is ""Low Conviction, Big Move"". In my opinion, it would have been very difficult to anticipate ZIM BROS ANET ROOT, HOOD. 
- Shippers and restaurants could have been on radar. Restaurants too. Sector gave clues. CMR (shipper) broke out 4-25, should have been watching ZIM 5-6 potentially off 10ma bounce, but that is a tricky entry. If not ZIM, then SBLK. Could have caught it but less likely than the restaurants that move more as a group. 
- CAVA continuation on Friday could have been forseen due to SG earnings and has been strong. BROS was harder to predict AND it would have been extremely hard to buy and hold after the first ER day. 

__My own trading__: 
On Friday, I capitulated after 1.5 months of patience and bought SOXL SOUN SMR NVAX. Based on the tickers, can see that I was speculative market coming back after seeing GME and DJT break out Thursday. 

My thesis was one scenario which was that QQQ makes a shape recovery and gaps higher and through ath. In my mind, I figure that might spark a shtco rally (the names I tried). The other scenario is that we have a few waves down and what has been strong, stay strong and we continue to get rotation. 

Based on the feedback from Friday, it seems that the latter scenario is more likley!","",""
"472133643708530689","dolivent","2024-05-13T12:44:59.8180000+08:00","__Next weeks game plan__: 
Based on the review, Stocks In Play/EP continue to seem challenged, with breakout working better. It appears to be a stock pickers market, so focus on the clues that the market is giving us wrt breakouts. 
- Continue to monitor SIP/EP
- Increase focus on Breakouts

Based on the EV of the environment, bias for next week is leaning more to bearish side, but if we get group setup proliferation, then will make a change as per process loop","",""
"472133643708530689","dolivent","2024-05-14T10:59:45.3810000+08:00",".












.","",""
"472133643708530689","dolivent","2024-05-14T10:59:55.5510000+08:00","**__2024-W20__** week of 2024-05-13
Two major events confirmed bias bullish. Meme stocks sparking small cap cycle as well as ""good"" economic data. However, followthrough coming from breakouts 2/3 weeks ago rather than new breakouts. 

Tactics required some adjustment as we are extended from backside move in indexes, and breaking out higher. Starting to see signs like weak open strong closes typical of bull. 

__Monday__ 2024-05-13 Meme stocks ignite after roaring kitty posts for first time in a 2/3 years. Can ignore indexes and index stocks mostly now, focus on the biggest movers. Extended flags working again, straight up action back.
  ep: **GME ** **AMC ** **NVAX ** MPW KSS RDDT KOSS TUP LMND
  bo: **AA ** CWEB BILI FUTU IQ TME VIPS **EBS ** WGS IBRX **TWST ** HE QS RIVN 
  pb: 
  bd: 

__Tuesday__ 2024-05-14 8:30am Core PPI, 10:00am Powel Speaks
  ep:  GME **FFIE** *FFIE*  *CTNT * HBM NOVA SPWR MAXN **ONON**
  bo: **PSTG ** AVGO **ERJ ** SMR RNA NFE MP HIMS TMDX 
  pb: 
  bd: *AMC * **AMC** GME BB PLUG

__Wednesday__ 2024-05-15 8:30am CPI Man Ind Ret/Sales. Sales low + PPI low =  rate cut more likely. Market responds with ATH. 
  ep:  AWIN *LIDR * DELL AS
  bo: NVDA ALAB **SMCI** ALT TNDM VKTX JANX AS **BITX ** **MSTR ** NAIL LILM FFIE CRWD DKNG 
  pb: 
  bd: SPWR **AGBA ** RIVN LCID ALAB

__Thursday__ 2024-05-16 8:30am Unemployment 10:000am multiple fed speakers. 
  ep: GOOS **ASTS ** EXTR **IREN  ** BABA **IQ**
  bo: ACB CGC **FUTU **  PDD CWEB EH MORF 
  pb: 
  bd: SMR VKTX RILY COIN NAIL GFI 

__Friday__ 2024-05-17
  ep: RDDT
  bo: AG CDE HL EGO GDXU JNUG NGD **CCJ ** UEC UUUU DNN ETHE MSTR  HOOD ONON 
  pb: 
  bd:","",""
"472133643708530689","dolivent","2024-05-14T10:59:56.0310000+08:00","__This Weeks Best Opportunities__:
  ep: GME NVAX FFIE ONON ASTS IREN IQ
  bo: AA EBS TWST PSTG ERJ SMCI BITX MSTR FUTU CCJ
  pb:
  bd: AMC AGBA 

Obviously, meme stocks most notable this week. Caused a spark in the small cap space and got 100X runner in FFIE. The theme is short float when this happens. Last Thursday GME breakout after sustained volume first sign. Last Friday NVAX 100% gap with 30%+ short float was 2nd sign.   

Silver from last week v strong with 30% moves from entry AGQ best RR . AA also had high RR this week. MSTR and SMCI best breakouts from crypto and semi theme.

Defense was best opportunity with lingering AVAV strength, LIDR EP, ERJ, ASTS EP. Had clues and worth studying sequence of events

Best tactics were to wait for morning shakeouts and take intraday VWAP reclaim, or longer timeframe ORH with LOD or R/G stop. This type of entry usually preferred on most watched stocks, and also when the market breaking ATH. Backside of Nov-Feb run in indexes also lower prob of success on  aggressive entries. If add, add small as not to raise stops and choke off trade. 

My impression was that we were getting 20+% moves this week. Upon review, I see i was miscalibrated with market/price action outside of memes.

__My own trading__: 
GME AMC DJT RUM NVAX RDDT ACB SNDL PLUG RIN SPWR CGC NVDA MSTR SMCI COIN MSTR
A few mistakes this week that compounded together:
1. Got too emotional and lost sight of highest priority (setups and execution). Result was miscalibrated judgment of good/bad setups.
2. Did not plan trades out/visualize trades in context of current environment ahead of time resulting in wrong entry tactics on market open
3. Identified error, but didn't implement solution effectively. 

__Next weeks game plan__: 
Bullish with a possibility that markets drift higher, but going to be more selective not less. Expecting difficult action in indexes but will focus on leading stocks. 

NVDA wednesday will be a market event, expect volatilty.","",""
"472133643708530689","dolivent","2024-05-18T12:02:19.8720000+08:00","Setup selection. If market is going higher, we may see short flags start to work again (they havent been working for 7/8 weeks). Agressive entries might be first pullback from high volume breakouts/EPs. Tricky given we are extended.

Specific tactics:
- Extend timeframe, less intraday charts
- Buy partial starter, then add small intraday if setup allows
- Critiacal to try and get traction rather than let aggressive tactics stop yourself out
- We are not in a straight up market just yet","",""
"472133643708530689","dolivent","2024-05-20T12:50:14.8500000+08:00","Focus in on the few names with the highest potential to move account. Remove other noise

Tickers main focus next week
- NVDA (NVDX/L) (Earnings) SMCI  
- MSTR, HOOD, CLSK MARA IREN, COIN
- NVAX VFS
- EH (Earnings)
- Thematic EP/SIP

More speculative
- RDDT GME AMC FFIE LIDR
- CGC ACB 
- ALAB
- SMR GEV
- TUP 

Earnings Continuation
- TNDM
- CVNA 

Slower names:
- MOD

Other
- LLY VKTX ALT","",""
"472133643708530689","dolivent","2024-05-21T10:45:04.2620000+08:00",".












.","",""
"472133643708530689","dolivent","2024-05-21T10:45:07.0480000+08:00","**__2024-W21__** week of 2024-05-20
Standout event was ATH followed by reversal and reclaim. Cryptos back with ETH etf approval. Big moves in alternative energy and datacenter/power.  Entries continue to be tricky. 

__Monday__ 2024-05-20 [Crypto Breakout, GLP-1?]
  ep: HIMS WIX 
  bo: **ETHE **COIN CLSK SG AMC GME **VFS **SOUN
  pb: 
  bd: OKLO EH LI

__Tuesday__ 2024-05-21 8:30am PPI 10:00am Powel Speaks [Clean Energy Megatheme, Mesi/Soccer?]
  ep: XPEV MGOL
  bo: TSLA **BE ** **FSLR ** **POWL** LOAR
  pb: 
  bd: AS JMIA

__Wednesday__ 2024-05-22 8:30am CPI, retail Sales, NVDA Post Market [Oil Gold Silver Copper down, Solar, Batteries up]
  ep: TAN DQ JKS CSIQ ENPH FSLR MRNA BE NXT  
  bo: FLEX
  pb: 
  bd: GDXU CENX SCCO YPF 

__Thursday__ 2024-05-23 8:30am Unemployment [Entire market reversed on NVDA earnings ex NVDA, RS power]
  ep: **ELF **
  bo: 
  pb: 
  bd: MSOS ROOT 

__Friday__ 2024-05-24 10:15/12:15 fed speakers. [Strong bounce]
  ep: **MRUS ** LUCY
  bo: ASPN **GEV ** NRG **VST** ZIM 
  pb: OKLO 
  bd: ZK","",""
"472133643708530689","dolivent","2024-05-23T10:46:27.9590000+08:00","__This Weeks Best Opportunities__:
  ep: ELF MRUS
  bo: ETHE VFS BE FSLR POWL GEV VST 
  pb:
  bd:

Crypto, alternative energy

Week 4 of run after correction. Opportunities for alternative entries but likely good setups to come if stocks consolidate more. Wider entries smaller size ideal. 

__My own trading__: 
PDD SMCI NVDA on gap up and cut on weakness. Still applying the wrong strategy. 

__Next weeks game plan__:
Bull
trade setups","",""
"472133643708530689","dolivent","2024-05-29T10:51:22.9000000+08:00",".












.","",""
"472133643708530689","dolivent","2024-05-29T10:51:32.6660000+08:00","**__2024-W22__** week of 2024-05-28
5th week since correction lows. Warning shots prior week, and market finally rolling over. Still some opportunities on SIP. Capitulation stocks SMCI AMC making higher lows. Leaders also above capitulation highs. 

Leadership thinning with breakdowns. Looks more like chop rather than complete breakdown in market. As per week 10 onward, small caps and SIP can still make moves for intrday holds.

__Monday__ 2024-05-27 Public Holiday

__Tuesday__ 2024-05-28 10:00am Consumer confidence
  ep: SMR INSM AGIO ARCT
  bo: NVDA HIMS ARM 
  pb: RDDT
  bd: 

__Wednesday__ 2024-05-29 1:45pm FOMC Williams Speaks
  ep: CAVA ANF **CHWY** LOT **ASTS** **LUCY ** BNAI
  bo: 
  pb: 
  bd: TOST MRVI

__Thursday__ 2024-05-30 8:30am GDP, Unemployment, 10:00am Home Sales
  ep: HUMA BIRK 
  bo: RIVN SPWR NOVA RUN BE AI GGAL BMA  
  pb: 
  bd: CRWD NVDA MNDY GTLB CFLT RBRK NTNX NET MDB OKTA MSFT DDOG CFLT

__Friday__ 2024-05-31 8:30am PCE Price Index 
  ep: **GPS** **BNAI** PENN SAM
  bo: BE RIG 
  pb: 
  bd: MDB DELL HUMA S POWL MRVL VST DJT","",""
"472133643708530689","dolivent","2024-05-29T10:51:33.3590000+08:00","__This Weeks Best Opportunities__:
  ep: CHWY ASTS LUCY GPS BNAI
  bo:
  pb:
  bd:

Entry tactics would have been a combination of 1min ORH, VWAP reclaims and intraday range breaks with longer timeframe resistance break confluence..

__My own trading__: 
MSTR SMR GME LIDR COIN all losers

__Next weeks game plan__: 
Based on feedback (more breakouts than breakdowns, easy money straight up? start or end of price cycle?). What are planned economic releases or the major earnings that could change sentiment?

Go through the best opportunities tickers one by one using the filter function in Snappy to find potential setups in related sectors]","",""
"472133643708530689","dolivent","2024-06-06T11:14:53.5260000+08:00",".












.","",""
"472133643708530689","dolivent","2024-06-06T11:14:55.5210000+08:00","**__2024-W23__** week of 2024-06-03
This week was the week of GME. For experienced daytraders, there was multiple big opportunities on long and short side. While QQQ/SMH broke out to new highs, breakouts were challenged with significant squats and reversals. This is a warning shot. 

__Monday__ 2024-06-03 NYSE had a glitch on selected tickers like SMR NYSE. 
  ep: COHR GME AMC 
  bo: XBI **NVAX** AGIO IREN ELF IBIT NEOG CUK CCL 
  pb: 
  bd: SMR UCO RIG CELH AMC **GME**

__Tuesday__ 2024-06-04
  ep: **CORZ ** MLGO 
  bo: MULF IBIT COIN JDST **IREN** (d2)
  pb: NRG CEG VST
  bd: VKTX GDXU AGQ HCC SBSW  MOD

__Wednesday__ 2024-06-05 8:15am Non Farm Payroll weak, GME started to act linearly. 
  ep: CRWD SFIX OLLI
  bo: BROS **SMH** **QQQ** NVDA XBI SG ACLX RDDT WOLF QQQ
  pb: NNE **GME**
  bd: 

__Thursday__ 2024-06-06
  ep: **GME ** AMC HALO
  bo: HOOD MARA MSTR AGQ
  pb: 
  bd: 

__Friday__ 2024-06-07 Hot NFP report
  ep: MBLY ODD GERN 
  bo: 
  pb: 
  bd: GDXU AGQ NUGT **GME ** ENPH","",""
"472133643708530689","dolivent","2024-06-06T11:15:01.1750000+08:00","__This Weeks Best Opportunities__:
  ep: CORZ GME
  bo: SMH QQQ IREN (d2)
  pb: GME
  bd: GME

Market continues to exhibit ""long in the tooth"" type action. This reminds me of week 8-10ish when there were shots across the bow but things continued to go higher even after SMCI NVDA had a blowoff reversal (AI shitcos like CXAI BBAI etc INDO HUSA CGC ACB Cryptos). 

Semis look good but need more time for new entries. Could also just go higher with NVDA split on continuation but no low risk entry. 

in terms of sectors, looks like things are contracting rather than expanding. AI sympathies like DELL and the power names falling off. Gold precious metals falling off. Alt energy falling off. (for now, with some chop could looks good again?)
biotechs might come in tho

Catalyst-based plays probably will continue to work as long as the index doesn't completely yeet. 

FOMC and economic events next week. Cautious for volatility around economic events given shaky footing.

__My own trading__: 
- Start of the week, Improving opportunity set (IREN CORZ BTC), getting in sync. Then market gave warning shots. 
- Then things reversed.

__Next weeks game plan__: 
- Cautious. Setups need time. look interseting but look like they need time to me FSLR NXT MRNA. BTC more time probably. ASTS INSM interesting but some tightness would be good. AMD TSLA lagards 
- in a few days, things could look good again and ill likely try things if theres setup proliferation","",""
"472133643708530689","dolivent","2024-06-10T21:58:12.0210000+08:00",".












.","",""
"472133643708530689","dolivent","2024-06-10T21:58:13.7390000+08:00","**__2024-W24__** week of 2024-06-10
QQQ in a bull trend but extended making followthrough challenged. Large Cap AI narrative leads with NVDA split, AAPL/OpenAI, ORCL/AVGO earnings gaps. Money rotating into mega gaps again. Similar to Week 5. Unlike Week 5, looking more like breadth deterioration rather than rotation. Earnings season kicks off with BOC in 4 weeks may be a market catalyst. 

__Monday__ 2024-06-10 Various S&P additions causing gaps. NVDA stock split
  ep: JMIA TDW DO KRYS CRWD 
  bo: ENVX FSLR BE INSM 
  pb: CEG PDD ALAB POWL SMR ENPH OSCR ANF TMDX 
  bd: 

__Tuesday__ 2024-06-11 breakout to ath. AAPL huge breakout. AI narative and megacaps lead
  ep: **AAPL ** AFRM AISP 
  bo: ASTS FSLR TECL
  pb: GME
  bd: 

__Wednesday__ 2024-06-12 8:30am CPI 2pm FOMC. Gap up
  ep: RNA Z  ORCL AVGO
  bo: RDDT COHR GEV HIMS NVDA TSLA ULS USD HUT BTDR CIFTF ENPH
  pb: CFLT 
  bd: 

__Thursday__ 2024-06-13 Gap holding
  ep: 
  bo: BITF SMCI TME CLS 
  pb: 
  bd: 

__Friday__ 2024-06-14
  ep: 
  bo: **NNE** APLD ISPC 
  pb: 
  bd:","",""
"472133643708530689","dolivent","2024-06-10T21:58:22.9520000+08:00","__This Weeks Best Opportunities__:
  ep: AAPL 
  bo: NNE
  pb:
  bd:

Breadth deteriorating. Either market corrects in time or price. A tradable scenario might be T2108 getting oversold into 20's while we see some chop in indices and other stocks to build setups before another leg higher. 

Semis still leading the market higher as it is the fundamental picks and shovels play of AI right now. Megacaps MSFT GOOG AAPL LLM/enterprise themes. 

__My own trading__: 
- Tried GME/AMC Friday stopped. Likely premature since Monday is the AGM. Still in play forming a range on daily chart. 

__Next weeks game plan__: 
- Do not chase here. Wait for setups and track RS
- Can trade news driven EP and SIP","",""
"472133643708530689","dolivent","2024-06-18T15:13:28.4290000+08:00",".












.","",""
"472133643708530689","dolivent","2024-06-18T15:15:13.2060000+08:00","**__2024-W25__** week of 2024-06-17
[quick summary: sentence on the week's trading. How has the opportunity set been and what are the appropriate tactics? Were there any major events of note? any other important notes]

__Monday__ 2024-06-17 Markets break out into ath. Starting to see blow off top/euphoric action. Strength in leaders & megacaps
  ep: 
  bo: PLTR CAVA TSLA SIX 
  bo(h): IREN WULF ASTS AMKRCRWD SOXX 
  pb: DELL DUOL
  bd: 

__Tuesday__ 2024-06-18 Market Closed
  ep: 
  bo: 
  pb: 
  bd: 

__Wednesday__ 2024-06-19 
  ep: RKLB AMKR ARM 
  bo: CHWY SMR ELF 
  pb: 
  bd: 

__Thursday__ 2024-06-20 NVDA AAPL pullback
  ep: ZAPP 
  bo: HUT AGQ PENN
  pb: NVDA HIMS AAPL SOXL ASPN MU CMG ANF
  bd: 

__Friday__ 2024-06-21
  ep: 
  bo: 
  pb: 
  bd:","",""
"472133643708530689","dolivent","2024-06-18T15:15:22.4720000+08:00","[best opportunities: review each of the tickers above. Bolden the best opportunities with the best followthrough in the following format
__This Weeks Best Opportunities__:
  ep:
  bo:
  pb:
  bd:

add some words on any common themes. what trends did you see? which technical setup worked? large caps small caps?

ideal tactics for the week: Was it a week to be aggressive, or defensive? Have breakouts been working or squatting etc. entry tactics? what sell rules would have worked best? If you took all opportunities in the tickers listed during the week, would you have made money or not?

__My own trading__: 
How was your trading relative to the ideal tactics to match the week's opportunity set?

__Next weeks game plan__: 
Based on feedback (more breakouts than breakdowns, easy money straight up? start or end of price cycle?). What are planned economic releases or the major earnings that could change sentiment?

Go through the best opportunities tickers one by one using the filter function in Snappy to find potential setups in related sectors]","",""
"472133643708530689","dolivent","2024-07-30T21:47:02.6980000+08:00",".












. 4 weeks off","",""
"472133643708530689","dolivent","2024-07-30T21:47:03.4050000+08:00","**__2024-W31__** week of 2024-07-29
[quick summary: sentence on the week's trading. How has the opportunity set been and what are the appropriate tactics? Were there any major events of note? any other important notes]

__Monday__ 2024-07-29 
  ep: 
  bo: 
  pb: 
  bd: 

__Tuesday__ 2024-07-30 10:00am JOLTS Job Openings
  ep: 
  bo: 
  pb: 
  bd: 

__Wednesday__ 2024-07-31 8:15am ADP Non-Farm Employment Change, 2:00pm Federal Funds Rate, 2:30pm FOMC Press Conference
  ep: 
  bo: 
  pb: 
  bd: 

__Thursday__ 2024-08-02 8:30am Unemployment Claims, 10:00am ISM Manufacturing PMI 
  ep: 
  bo: 
  pb: 
  bd: 

__Friday__ 2024-08-03 8:30am Non-Farm Employment Change
  ep: 
  bo: 
  pb: 
  bd: 

[best opportunities: review each of the tickers above. Bolden the best opportunities with the best followthrough in the following format
__This Weeks Best Opportunities__:
  ep:
  bo:
  pb:
  bd:","",""
"472133643708530689","dolivent","2024-09-03T12:48:10.1120000+08:00",".












. 5 weeks off","",""
"472133643708530689","dolivent","2024-09-03T12:51:11.1600000+08:00","**__2024-W36__** week of 2024-09-02
[quick summary: sentence on the week's trading. How has the opportunity set been and what are the appropriate tactics? Were there any major events of note? any other important notes]

__Monday__ 2024-09-02 
  ep: 
  bo: 
  pb: 
  bd: 

__Tuesday__ 2024-09-03 
  ep: 
  bo: 
  pb: 
  bd: 

__Wednesday__ 2024-09-04
  ep: 
  bo: 
  pb: 
  bd: 

__Thursday__ 2024-09-05 
  ep: 
  bo: 
  pb: 
  bd: 

__Friday__ 2024-09-06 
  ep: 
  bo: 
  pb: 
  bd: 

[best opportunities: review each of the tickers above. Bolden the best opportunities with the best followthrough in the following format
__This Weeks Best Opportunities__:
  ep:
  bo:
  pb:
  bd:

add some words on any common themes. what trends did you see? which technical setup worked? large caps small caps?

ideal tactics for the week: Was it a week to be aggressive, or defensive? Have breakouts been working or squatting etc. entry tactics? what sell rules would have worked best? If you took all opportunities in the tickers listed during the week, would you have made money or not?

__My own trading__: 
How was your trading relative to the ideal tactics to match the week's opportunity set?

__Next weeks game plan__: 
Based on feedback (more breakouts than breakdowns, easy money straight up? start or end of price cycle?). What are planned economic releases or the major earnings that could change sentiment?

Go through the best opportunities tickers one by one using the filter function in Snappy to find potential setups in related sectors]","",""
"472133643708530689","dolivent","2025-01-07T10:58:25.1790000+08:00",".












. 24 weeks off","",""
"472133643708530689","dolivent","2025-01-07T10:59:50.3450000+08:00","**__2025-W2__** week of 2025-01-06
[quick summary: sentence on the week's trading. How has the opportunity set been and what are the appropriate tactics? Were there any major events of note? any other important notes]

__Monday__ . Hyper momentum names take a break on failed breakouts.
  ep: FUBO
  bo: BTC 
  pb: 
  bd: 

__Tuesday__  
  ep: 
  bo: 
  pb: 
  bd: 

__Wednesday__ 
  ep: 
  bo: 
  pb: 
  bd: 

__Thursday__ 
  ep: 
  bo: 
  pb: 
  bd: 

__Friday__ 
  ep: 
  bo: 
  pb: 
  bd: 

[best opportunities: review each of the tickers above. Bolden the best opportunities with the best followthrough in the following format
__This Weeks Best Opportunities__:
  ep:
  bo:
  pb:
  bd:

add some words on any common themes. what trends did you see? which technical setup worked? large caps small caps?

ideal tactics for the week: Was it a week to be aggressive, or defensive? Have breakouts been working or squatting etc. entry tactics? what sell rules would have worked best? If you took all opportunities in the tickers listed during the week, would you have made money or not?

__My own trading__: 
How was your trading relative to the ideal tactics to match the week's opportunity set?

__Next weeks game plan__: 
Based on feedback (more breakouts than breakdowns, easy money straight up? start or end of price cycle?). What are planned economic releases or the major earnings that could change sentiment?

Go through the best opportunities tickers one by one using the filter function in Snappy to find potential setups in related sectors]","",""
"472133643708530689","dolivent","2025-01-07T11:03:37.6030000+08:00",".












.","",""
"472133643708530689","dolivent","2025-01-07T11:03:42.5680000+08:00","**__2025-W2__** week of 2025-01-06
[quick summary: sentence on the week's trading. How has the opportunity set been and what are the appropriate tactics? Were there any major events of note? any other important notes]

__Monday__ 2025-01-06. Hyper momentum names take a break on failed breakouts.
  ep: FUBO
  bo: BTC 
  pb: 
  bd: 

__Tuesday__ 2025-01-07 
  ep: 
  bo: 
  pb: 
  bd: 

__Wednesday__ 2025-01-08
  ep: 
  bo: 
  pb: 
  bd: 

__Thursday__ 2025-01-09 
  ep: 
  bo: 
  pb: 
  bd: 

__Friday__ 2025-01-10
  ep: 
  bo: 
  pb: 
  bd: 

[best opportunities: review each of the tickers above. Bolden the best opportunities with the best followthrough in the following format
__This Weeks Best Opportunities__:
  ep:
  bo:
  pb:
  bd:

add some words on any common themes. what trends did you see? which technical setup worked? large caps small caps?

ideal tactics for the week: Was it a week to be aggressive, or defensive? Have breakouts been working or squatting etc. entry tactics? what sell rules would have worked best? If you took all opportunities in the tickers listed during the week, would you have made money or not?

__My own trading__: 
How was your trading relative to the ideal tactics to match the week's opportunity set?

__Next weeks game plan__: 
Based on feedback (more breakouts than breakdowns, easy money straight up? start or end of price cycle?). What are planned economic releases or the major earnings that could change sentiment?

Go through the best opportunities tickers one by one using the filter function in Snappy to find potential setups in related sectors]","",""
"472133643708530689","dolivent","2025-01-07T11:12:13.3240000+08:00","This format sucks. ill do something else","",""
"472133643708530689","dolivent","2025-01-23T09:44:00.4320000+08:00","**__2025-W4__** week of 2025-01-20
[quick summary: sentence on the week's trading. How has the opportunity set been and what are the appropriate tactics? Were there any major events of note? any other important notes]

__Monday__ 2025-01-20 All Day: Bank Holiday
  ep: 
  bo: 
  pb: 
  bd: 
Significant News:

__Tuesday__ 2025-01-21 11:00am President Trump Speaks
  ep: 
  bo: 
  pb: 
  bd: 
Significant News:

__Wednesday__ 2025-01-22 
  ep: 
  bo: 
  pb: 
  bd: 
Significant News:

__Thursday__ 2025-01-23 9:30pm Retail Sales m/m/ Unemployment Claims
  ep: 
  bo: 
  pb: 
  bd: 
Significant News:

__Friday__ 2025-01-24 12:00am President Trump Speaks, 10:45pm Flash Manufacturing PMI/Flash Services PMI
  ep: 
  bo: 
  pb: 
  bd: 
Significant News:

[best opportunities: review each of the tickers above. Bolden the best opportunities with the best followthrough in the following format
__This Weeks Best Opportunities__:
  ep:
  bo:
  pb:
  bd:

add some words on any common themes. what trends did you see? which technical setup worked? large caps small caps?

ideal tactics for the week: Was it a week to be aggressive, or defensive? Have breakouts been working or squatting etc. entry tactics? what sell rules would have worked best? If you took all opportunities in the tickers listed during the week, would you have made money or not?

__My own trading__: 
How was your trading relative to the ideal tactics to match the week's opportunity set?

__Next weeks game plan__: 
Based on feedback (more breakouts than breakdowns, easy money straight up? start or end of price cycle?). What are planned economic releases or the major earnings that could change sentiment?

Go through the best opportunities tickers one by one using the filter function in Snappy to find potential setups in related sectors]","",""
"472133643708530689","dolivent","2025-02-06T15:08:11.2730000+08:00","**__2025-W6__** week of 2025-02-03  
[quick summary: sentence on the week's trading. How has the opportunity set been and what are the appropriate tactics? Were there any major events of note? any other important notes]  

__Monday__ 2025-02-03 11:00pm ISM Manufacturing PMI  
  ep:  
  bo:  ROOT GDS SSYS
  pb:  
  bd:  
Significant News: Tariff scare over weekend. Market releif as Canada and Mexico got 1mth extension. Crypto waterfall selloff into MR bounce.

__Tuesday__ 2025-02-04 11:00pm JOLTS Job Openings  
  ep:  GRAB PLTR SPOT
  bo: BB  LCID XPEV RCAT SOUN AI DDD DUOL BBAI APP OPFI RDDT FUBO BFLY ETNB AVAV PL  BKSY AG  FRO 
  pb:  
  bd:  
Significant News:  

__Wednesday__ 2025-02-05 9:15pm ADP Non-Farm Employment Change, 11:00pm ISM Services PMI  
  ep:  **BBAI ** **ACB**
  bo:  CEG CGC MSOS CIEN **GRAL**
  pb:  
  bd:  
Significant News:  BBAI 2bill $vol spark shitcos? Breadth thrust in small caps

__Thursday__ 2025-02-06 9:30pm Unemployment Claims  
  ep:  
  bo:  
  pb:  
  bd:  
Significant News:  

__Friday__ 2025-02-07 9:30pm Average Hourly Earnings m/m, Non-Farm Employment Change, Unemployment Rate  
  ep:  
  bo:  
  pb:  
  bd:  
Significant News:  

.","",""
"472133643708530689","dolivent","2025-02-09T22:24:11.3870000+08:00","**__2025-W6__** week of 2025-02-03  
[quick summary: sentence on the week's trading. How has the opportunity set been and what are the appropriate tactics? Were there any major events of note? any other important notes]  

__Monday__ 2025-02-03 11:00pm ISM Manufacturing PMI  
  ep:  
  bo:  ROOT GDS SSYS
  pb:  
  bd:  XRP/ETH mean reversion
Significant News: Tariff scare over weekend. Market releif as Canada and Mexico got 1mth extension. Crypto waterfall selloff into MR bounce.

__Tuesday__ 2025-02-04 11:00pm JOLTS Job Openings  
  ep:  ~~GRAB~~ PLTR SPOT ~~**QNTM**~~
  bo: BB  LCID XPEV RCAT SOUN AI **DDD** DUOL BBAI APP OPFI RDDT ~~FUBO~~ BFLY ETNB AVAV PL  BKSY ~~AG~~  FRO 
  pb:  
  bd:  
Significant News:  

__Wednesday__ 2025-02-05 9:15pm ADP Non-Farm Employment Change, 11:00pm ISM Services PMI  
  ep:  **BBAI ** **ACB**
  bo:  CEG CGC MSOS CIEN **GRAL** **IVVD** QNTM FNMA ~~AGX~~ MGNI
  pb:  
  bd:  
Significant News:  BBAI 2bill $vol spark shitcos? Breadth thrust in small caps (no followthrough next day)

__Thursday__ 2025-02-06 9:30pm Unemployment Claims  
  ep:  ~~**APPS **~~ ~~**AMSC**~~  RR GRRR ~~COHR~~ **TDOC ** MGNI
  bo:  ZETA ACMR **EH** ~~**TAL **~~ TIGR MBOT RR **PLTR **
  pb:  
  bd:  **RBLX ** (but big bounce)
Significant News:  Earnings EPs starting to work. Breakouts still troubled (coult be due to jobs numbers anticipation). Sympathys popping up e.g CGC/ACB ZETA/APPS

__Friday__ 2025-02-07 9:30pm Average Hourly Earnings m/m, Non-Farm Employment Change, Unemployment Rate  
  ep:  DOCS **LEU ** **AFRM ** PINS MPWR
  bo:  **LTBR ** SERV DGNX NBIS FUTU **UBER ** UPST INOD 
  pb:  
  bd:  
Significant News: LEU earnings sparks sector move ""rising momentum for the entire nuclear industry""

.","",""
"472133643708530689","dolivent","2025-02-09T22:24:21.0820000+08:00","[best opp: review each of the tickers above. Bolden the best opportunities with the best followthrough in the following format  
__This Weeks Best Opportunities__:  
  ep:  BBAI LEU AFRM TDOC UBER
  bo:  IVVD (pure momentum/recent catalyst) EH (no catalyst)
  pb:  GRAL LTBR PLTR (fishook/undercut type buys)
  bd:  XRP/ETH (weekend m/r) RBLX (mean reversion)

There were a range of setup types and themes from EP, mean reversion, hourly breakouts on momo names to pullback buys. Various themes too: ShitcoAI, nuclear, Software Earnings EP, biotech. 

Longs working better than prior 2-4 weeks starting from immediate oops reversals on Monday, BBAI sparking small caps, then earnings gappers for the rest of the week. Recall pass 2 weeks, names struggled even to hold ORL. 

Think it was a slightly negative to positive EV week if all opps taken depending on luck. Going forward, depends on if youre getting traction (ie are you in sync with the market) but the opportunities have definitely been there with a bit of luck and can progressively expose into progress if thats the case. If not, then continue to test smaller positions until theres traction. 

Had to be more selective about which ""best opps"" to keep this week for first week in many. Also felt some fomo this week which are all signs of an improving market. There are many opinions atm but can only base of what the market is telling us and adapt day by day.

.","",""
"472133643708530689","dolivent","2025-02-09T22:24:27.1510000+08:00","__My own trading__:  
Tried (all on 0.15% risk):
- BBAI 
- Nuclear names Wed (5th) but they werent ready. 2 stops
- China names Frid (7th) but tarrif news was untimely. 
My trades didnt really match up to the best opps above other than BB and Nuclear, but had the wrong timing/setup for the theme. 

Net up very small on the week. Trying to stay ahead of the market but tricky with so many things happening. Either a sign that im not preparing correctly ot im just not in sync with the market. Either way net-net, continue to test for traction and try my best to hear what the market is telling me, but at the same time dont stress if its not working out. 

__Next weeks game plan__:  
We are at top of range (again) and its been 4 days of straight up (since BBAI spark). I am personally very optimistic, but this is also peak personal bias as a long trader. How names hold the next few days will continue to be very important so observe and test. Can increase risk to 0.35% on best opportunities but otherwise, dont trade or 0.15%

Open Positions:
- TEM: Still have all shares of a very small position. Looking just at price, should sell, but adding volume to picture, suggests change in character. Trailing with 10 day (shown to respoect)
- BBAI: Same as TEM and could be leader of next leg if we keep going. Similar to TEM. No rush to sell, currently holidng 5dayma. Waiting to see which MA it respects and trail accordingly. 
- FUTU: Breakeven stop, but it held super well despite tarrif news (unlike YINN and BABA) so giving benefit of doubt. Deepseek was a catalyst for entire China theme. 

Upcoming potential volatility catalysts are US/China ""conflict"". Market might have been expecting call like with Mexico/Canada but went the other way with retalitory tarrifs 2x. BUT that being said, market has held despite Deepseek, Tarrifs and China Tarrifs. If we get one more scare and hold, Im turning v bullish.

Carrying this weeks lesson across, focus on setups with news on best themes.","",""
"472133643708530689","dolivent","2025-02-16T20:54:41.6670000+08:00","**__2025-W7__** week of 2025-02-10  
Biotechs were the focus after the AIFF and DOMH spark this week. The other stuff struggled to hold momentum. Tricky if you didnt catch the winners. Personally, two steps back for me. Raising the bar for quality and lowering the size. Frustration continues, drawdown continues 😂 

__Monday__ 2025-02-10  
  ep:  MNDY AXSM CLF  ASTS 
  bo:  KULR JG PONY BFRG 
  pb:  
  bd:  
Significant News:  EO tariffs on steel and aluminium. Market went up (news failure)

__Tuesday__ 2025-02-11 11:00pm Fed Chair Powell Testifies  
  ep:  **AIFF **DOMH **GDS** SLQT SOPA TVTX ORMP LSCC ALAB
  bo:  **TEM **
  pb:  ARKK AI DOCS XPEV CAVA NXT AGX PSTG MRVL SATL EXPE DUOL
  bd:  TSLA JOBY GGAL BBAR SUPV EOSE ALAB 
Significant News:  Powel Testimony. AIFF sparks biotechs

__Wednesday__ 2025-02-12 9:30pm Core CPI m/m/CPI m/m/CPI y/y, 11:00pm Fed Chair Powell Testifies  
  ep:  **KDLY ** **UPST** **CFLT** 
  bo:  LTBR **EH ** **GRAL ** GRRR TIGR **RXRX**
  pb:  
  bd:  
Significant News:  CPI Hot

__Thursday__ 2025-02-13 9:30pm Core PPI m/m/PPI m/m/Unemployment Claims  
  ep:  APP AUR HOOD **INOD **IRDM PGY
  bo:  SERV DOMH DUOL FNGU GRRR HIMS EC LCID ROOT PTON
  pb:  
  bd:  
Significant News:  PPI, Trump EOs. Biotechs hot TEM HIMS GRAL INOD DOMH AIFF. Recent high Horizontal trendline breaks working despite extension ROOT GRRR TEM 

__Friday__ 2025-02-14 9:30pm Core Retail Sales m/m/Retail Sales m/m  
  ep:  **DKNG ** GT PCOR **RXRX ** WRD PONY
  bo:  **ABSI ** APLD ARKG BBIO BEAM BHF CRSP SMCI SOFI UMAC
  pb:  
  bd:  SERV SOUN AIFF TWLO HL PDYN NNOX UEC 
Significant News: NVDA/Toyota positions updated","",""
"472133643708530689","dolivent","2025-02-16T20:54:51.0410000+08:00",".

__This Weeks Best Opportunities__:  
  ep:  AIFF GDS KDLY UPST CFLT INOD DKNG RXRX
  bo:  TEM EH GRAL RXRX (DUOL SOFI maybe with more info)
  pb:  
  bd:  

Very strange week. For me Cognitive Dissonance is where i see stocks going up a lot in some stocks making me bullish, making me want to initiate new positions, but then other stocks pulling back or breaking down (see Tuesday). The area of opportunity was biotechs being sparked off by AIFF and DOMH. Next day KDLY EH GRAL RXRX. Day after INOD, friday RXRX ABSI. The other sector showing incredible strength was China, but the ""propper"" entries were last week (other than GDS EH). 

New positions outside of biotechs new positions made no progress. In a bullish market, surprises are to the upside and bad news is absorbed. UPST ACHR SERV SOUN some examples of bad news that had some good and some bad but not ignoring the bad news. 

Earnings gaps didnt work as well as they did past 2 weeks

I dont think this is the market where you blindly open up new positions in any setups. It takes quick adaptation in real time (ie identify that biotechs were the next wave) while existing positions take heat (as opposed to hold levels). 

Some technical themes ABSI RXRX showed accumulation in the bases but didnt offer clear range breaks making them hard to enter. Small cap lottery tickets working with AIFF and KDLY

Compared to last week, i would say the EV was probably higher, but the potential outcomes were wider. meaning if you missed the biggest movers, the outcome would have been worse than the worst outcome of last week.","",""
"472133643708530689","dolivent","2025-02-16T20:54:55.2120000+08:00","__My own trading__:  
A step back in progress this week. Tried to up risk but got bad feedback. Back to smaller size. 

Main areas of loss were old momentum leaders space, drones. Setups im not experienced in shorts. Earnings Gappers. 

__Next weeks game plan__:  
Take it easy. Feedback is bad despite continued strength in market (biotechs, china).","",""
"472133643708530689","dolivent","2025-02-24T11:35:12.2070000+08:00","**__2025-W8__** week of 2025-02-17  
[quick summary: sentence on the week's trading. How has the opportunity set been and what are the appropriate tactics? Were there any major events of note? any other important notes]  

__Monday__ 2025-02-17  
  ep:  
  bo:  
  pb:  
  bd:  
Significant News:  

__Tuesday__ 2025-02-18  
  ep:  BKSY BBWI TMC WGS 
  bo:  AMBA INTC RMBS WDC ARDX ASND GRAB SEI STAI REBN
  pb:  UEC
  bd:  
Significant News:  

__Wednesday__ 2025-02-19 5:13am President Trump Speaks, 10:00am President Trump Speaks  
  ep:  COMP JTAI SSRM
  bo:  ACMR CELH CPIX GRRR
  pb:  PLTR AXON CAVA OKLO PL RDW RKLB ROOT ACHR AFRM LEU
  bd:  SMCI
Significant News:  Pentagon 8% budget cut

__Thursday__ 2025-02-20 3:00am FOMC Meeting Minutes, 9:30pm Unemployment Claims 214K 213K  
  ep:  DBRG HLF U XOS BILI AMPL SWTX
  bo:  JD QBTS CLOV TUYA
  pb:  CVNA GRAB TEM APP PLTR BKSY SDGR PLTR HOOD
  bd:  RCL CUK ROOT
Significant News:  Major selloff and breakdown in leaders and indexes/failed breakouts

__Friday__ 2025-02-21 10:45pm Flash Manufacturing PMI 51.2 51.2, Flash Services PMI 53.0 52.9  
  ep:  MGOL CELH INOD MELI VICR
  bo:  PONY TEM AXSM EXEL
  pb:  NBIS TEM IREN AUR DUOL COMP BEAM AFRM DKNG
  bd:  HIMS XYZ COIN GRAL RR RXRX RIOT GH CIFR UPST CAVA GEV CEG HOOD DPST MSTR ARBE BROS QQQ SOY ABNB ARKG REAL
Significant News:  New COVID

.","",""
"472133643708530689","dolivent","2025-02-24T11:35:12.5910000+08:00","__This Weeks Best Opportunities__:  
  ep:  
  bo:  
  pb:  
  bd:  

Last Tuesday, we started seeing many pullbacks/breakdowns with biotechs being the only game left in town (in US stocks). This week we saw Biotechs pull back too HIMS TEM.  

In hindsight, the big moves weve been seeing as well as the strength in oil stocks resemble what we see at late stages. Not a while lot to comment on. Unless we are lookinga t Mean Reversion, these distribution candle/s will take time to repair.

.","",""
"472133643708530689","dolivent","2025-02-24T11:35:15.7510000+08:00","__My own trading__:  
I continued to take shots this week. A few were on more risk or more attempts than i would like but i think if you see setups that trigger, you have to take them. The discretion can lower size and adjust tactics. Net negative and in a hole so will be taking steps to try and stem bleeding further. 

__Next weeks game plan__:  
Gammeplan will be to take a step back, skip market opens and assess market end of day  in the above process. 

Key events include NVDA earnings, PCE Friday.","",""
"472133643708530689","dolivent","2025-03-03T16:45:05.7960000+08:00","**__2025-W9__** week of 2025-02-24  
The uncertainty finally resolved in a direction this week. We have been seeing slow selling and no theme has held key levels. Time to maintain the process loop and continue to look for a green light. 

__Monday__ 2025-02-24  
  ep:  ~~ATCH~~ ~~PEPG~~ ~~FUBO~~
  bo:  
  pb:  FXI BABA PONY 
  bd:  **~~GRRR~~** PLTR VNET TAL FUTU TIGR *GDS *EH ATAI SMMT CLOV UMAC PDYN **~~ACHR~~** LCID 
  mr: ~~GRAL~~
Significant News:  Steve Cohen is very bearish. EO to review VIE/ADR structure.

__Tuesday__ 2025-02-25 11:00pm CB Consumer Confidence  
  ep:  WAFU 
  bo:  LI
  pb:  
  bd:  BTC AAOI ZIM 
Significant News:  

__Wednesday__ 2025-02-26  
  ep:  *COMM * ZI ~~ACMR~~ ~~MDGL~~ MASI ~~NRG~~ **GOTU HURN PRCH** LNTH
  bo:  LNTH **XPEV ** ~~INOD~~
  pb:  
  bd:  *LMND * NVDA
Significant News:  NVDA Earnings

__Thursday__ 2025-02-27 9:30pm Prelim GDP q/q/Unemployment Claims 220K 219K  
  ep:  ROOT *MPW *  LZ  *ERJ * VRN 
  bo:  PEPG
  pb:  
  bd:  SOXX QQQ SPY
Significant News:  Breakdown in indexes

__Friday__ 2025-02-28 9:30pm Core PCE Price Index m/m  
  ep:  ACHR NVAX OMI ALHC ESTC SMMT  PTCT *SWTX*
  bo:  
  pb/mr: *TSLA PLTR  ACHR RKLB ARKK HSAI*
  bd:  
Significant News: First strong close this sell off

Abnormal/strong action:
LMND GRRR  ACHR RKLB VNET GOTU HURN PRCH. Space probably the only theme here.

This week, the tension in the market resolved to the downside. Going into the week, the only strong sectors were biotech and china, but both are also showing signs of reset. 

This means:
1. going forward, delete leaders list and restart based on daily gainers scan
2. market is in ""prove yourself"" move rather than ""give the benefit of the doubt"" mode. 

On Friday, the market closed with the first strong candle since the selloff started 2 weeks ago. Notable M/R were PLTR TSLA as well as ACHR RKLB (who both had ER gap downs with strong closes)
.","",""
"472133643708530689","dolivent","2025-03-03T16:45:10.4920000+08:00","A blind person could see that the market is resetting. After putting on positions 3 or 4 times only to get spat out prior to sell off, im very happy to stem bleeding and wait for things to set up again. 

__My own trading__:  
no trades.

.","","👍 (1)"
"472133643708530689","dolivent","2025-03-03T16:45:14.1370000+08:00","__Next weeks game plan__:  
Very busy with a move back to hk which coincides with the bad market. Be cautious not to stop looking closely at the market, since this is basically the setup for how I underperformed so badly at the end of 2024.","",""
"472133643708530689","dolivent","2025-03-09T19:09:06.5090000+08:00","**__2025-W10__** week of 2025-03-03  
[quick summary: sentence on the week's trading. How has the opportunity set been and what are the appropriate tactics? Were there any major events of note? any other important notes]  

__Monday__ 2025-03-03 11:00pm ISM Manufacturing PMI  
  ep:  
  bo:  **UNG ** BOIL **TGTX ** GRRR
  pb:  
  bd:  
Significant News:  

__Tuesday__ 2025-03-04  
  ep:  **OKTA** MASS 
  bo:  STIM GRRR ESTA **ASTS **
  pb:  ACMR
  bd:  
Significant News: Potential bottom on high volume W close 3 weeks of selling.

__Wednesday__ 2025-03-05 9:15pm ADP Non-Farm Employment Change, 11:00pm ISM Services PMI  
  ep:  CDXC EOSE 
  bo:  SE ASTS FXI KWEB FUTU LX VNET TAL BABA BEKE TME
  pb:  
  bd:  
Significant News:  China NPC begins

__Thursday__ 2025-03-06 9:30pm Unemployment Claims  
  ep:  JD 
  bo:  
  pb:  GRRR
  bd:  NFLX APP DASH NTNX SPOT COMM
Significant News:  

__Friday__ 2025-03-07 9:30pm Average Hourly Earnings m/m, Non-Farm Employment Change, Unemployment Rate  
  ep:  
  bo:  TUYA HE HMY MPW TGTX NSP
  pb:  
  bd:  RDDT IOT LUNR CFLT 
Significant News:  

.","",""
"472133643708530689","dolivent","2025-03-09T19:09:13.0610000+08:00","Switching the Weekly charts to smooth out the noise. 2nd weed of selling into key levels and buying up to close. On an intraday basis, we have selling in the indexes (hourly trand down). 

Individual stocks, we have OKTA ASTS TGTX UNG and CDXC showing strength. Gold stocks breaking out Friday and China the only other sector without damaged charts. I am looking for charts that held a breakout level forming higher lows (vs the QQQ making lower lows). 

We are due for a bounce but I dont have a setup for what were seeing in the market right now. I just have to wait. 

.","",""
"472133643708530689","dolivent","2025-03-09T19:09:20.3260000+08:00","__My own trading__:  
Finally stopped out of FUTU before it reversed.  

__Next weeks game plan__:  
Still volatile and choppy. Sit and watch.","",""
"472133643708530689","dolivent","2025-03-18T08:44:32.1860000+08:00","**__2025-W11__** week of 2025-03-10  
US stocks down and China up

__Monday__ 2025-03-10  
  ep:  PTGX 
  bo:  
  pb:  
  bd:  PLTR BTC
Significant News:  

__Tuesday__ 2025-03-11 10:00pm JOLTS Job Openings 7.71M 7.60M  
  ep:  **HSAI** XPEV EXK 
  bo:  GH NIO ZK BE NXT AGQ SMCI
  pb:  TSLA RDDT PLTR APP
  bd:  
Significant News:  Canada Tariffs

__Wednesday__ 2025-03-12 8:30pm Core CPI m/m/CPI m/m/CPI y/y  
  ep:  ~~EH~~ ~~GV~~ ~~VNET~~ **GRPN ** ECX MASS **QBTS ** CXM CXW OPRX 
  bo:  ~~AVGO~~ RNA TGB NVDA GLD AEM 
  pb:  
  bd:  
Significant News:  CPI low

__Thursday__ 2025-03-13 8:30pm Core PPI m/m/PPI m/m/Unemployment Claims 226K 221K  
  ep:  HMR INTC
  bo:  QBTS **QMCO ** **NUGT**
  pb:  
  bd:  
Significant News:  

__Friday__ 2025-03-14 10:00pm Prelim UoM Consumer Sentiment/Prelim UoM Inflation Expectations  
  ep:  RBRK DOCU
  bo:  OKTA GRRR TGTX QUBT **RGTI** LAES IONQ PLTR LX ACMR FUTU ZLAB LKNCY ROOT MSTR EH WGS LMP SPOT
  pb:  
  bd:  
Significant News: First day of strength with dips getting bought intraday. Sentiment dissapoint but strength (news failure?)

.","",""
"472133643708530689","dolivent","2025-03-18T08:44:38.1990000+08:00","China clear leading sector. Outside of China, best opps were NUGT HSAI and RGTI and some mean reversion setups. 

China strength was VNET GDS KC, EH XPEV (LI weakness), FUTU TIGR LX BZ. BABA the leader. 

For US market, prescious metal was the hottest sector. Quantum computing had tradabe news (QBTS published paper) which caused tradeable breakouts for 3 days. 

__My own trading__:  
Round-tripped HSAI  not take profits. Not entirely sure if this was a mistake but there's endless evidence that that should be the strategy all of this year. Back in cash

.","",""
"472133643708530689","dolivent","2025-03-18T08:44:44.3360000+08:00","__Next weeks game plan__:  
- US markets oversold and trying to break downtrend. Followthough day would be tomorrow on QQQ but end of week on SPY. Look for high r/r spots in stocks showing RS
- Assuming followthrough, next step would be to add into ranges breaking up through MAs.","",""
"472133643708530689","dolivent","2025-03-24T10:06:21.2910000+08:00","**__2025-W12__** week of 2025-03-17  
[quick summary: sentence on the week's trading. How has the opportunity set been and what are the appropriate tactics? Were there any major events of note? any other important notes]  

__Monday__ 2025-03-17 8:30pm Core Retail Sales m/m/Retail Sales m/m  
  ep:  **BIDU** **CRVO ** QFIN TIGR
  bo: FXI **BABA ** PDD JD TAL HOOD YMM ARQT **ASND ** CALM **CELH ** INTC LMND MELI 
  pb:  HSAI ~~RDDT~~
  bd:  
Significant News:  

__Tuesday__ 2025-03-18  
  ep:  **TIGR ** TME
  bo:  LCID ~~FUTU~~ ~~NIO~~
  pb:  XPEV BABA IONQ INOD PLTR HSAI OKLO 
  bd:  MAGS META AMZN GOOG TSLA  BEKE 
Significant News:  

__Wednesday__ 2025-03-19  
  ep:  XRP STNE SRAD OLLI 
  bo:  LB EOSE MSTR AUR BA GEO WBD SOFI TEAM RBRK GH BROS
  pb:  
  bd:  VNET GDS KC
Significant News:  FOMC, NVDA conference

__Thursday__ 2025-03-20 2:00am Federal Funds Rate/FOMC Economic Projections/FOMC Statement, 2:30am FOMC Press Conference, 8:30pm Unemployment Claims  
  ep:  
  bo:  UBER COMP PLTR
  pb:  ACMR BABA ERJ
  bd:  UNG GRRR IONQ **QBTS ** TUYA ZK
Significant News:  NVDA Quantum event

__Friday__ 2025-03-21  
  ep:  ALNY **TSLA** **OUST** **LAZR**
  bo:  WGS TNXP GRAL RBLX ROKU PLTR 
  pb:  
  bd:  
Significant News:  Quad Witching

.","",""
"472133643708530689","dolivent","2025-03-24T10:12:14.4930000+08:00","__This Weeks Best Opportunities__:  
  ep:  BIDU ASND TIGR OUST 
  bo:  TSLA BABA CRVO RCG 
  pb:  
  bd:  QBTS 

add some words on any common themes. what trends did you see? which technical setup worked? large caps small caps?  

ideal tactics for the week: Was it a week to be aggressive, or defensive? Have breakouts been working or squatting etc. entry tactics? what sell rules would have worked best? If you took all opportunities in the tickers listed during the week, would you have made money or not?  

Reverse engineer entries from respected traders. Reverse engineer the best opps of the week. Would you have been able to see these opportunities ahead of time?  

.","",""
"472133643708530689","dolivent","2025-03-24T10:12:44.7330000+08:00","An more eventful week! We are starting to see more things to do. 

We had potential late stage failed follow through (LSFF) breakouts in China (BABA BIDU Monday). It’s probably time to sit on hands in China. Earnings has also had neutral to bearish reactions, not surprising given the run up. April 7th Tarrif event

Selective Gappers continue  to work for one or two days ASND TIGR. Breakouts have had short moves which could be taken for small gains but swinging would cause round trips. Personally, my confidence in shorter term trades is not high so I’d rather sit. 

On Thursday we had the quantum event. The run up into the news along with the LSFF breakout into the double top level had 3/4 short entries intraday for a quick sell off. 

Friday opened with a gap down that ended up gap filling. Combined with quad witching, this occurred on volume. LAZR OUST HSAI all lidr 

CRVO RGC No news high volume movers good for intraday trades.

On a weekly perspective, despite all the action, we closed fairly unchanged. The facts are we are seeing higher lows below the 200 day. 

Day by day, we are seeing positive signs starting to add up. It has been a scary correction and not saying to buy tomorrow but traders should definitely at least start  having an open mind to longs. 

Friday would have been a decent entry for under cut and rally setups for stocks that have been respecting old double top resistance levels that turned into support. Things like PLTR. TSLA was showing clear RS in the morning and followed through

In terms of sectors, we went in to week with strongest sectors being gold and China. Now these two sectors are pulling back. Strongest sector is now old and gas. If traders consider trading them, should update tactics to buy weakness and sell strength (takeaway from 2022 market) or get a one way ticket chop city. 

Focus should still be catalyst driven “ep” or breakouts as well as monitoring strength.

.","","👍 (1)"
"472133643708530689","dolivent","2025-03-24T10:12:55.0390000+08:00","For myself, past few weeks it was particularly hard to write these because I didn’t see too much to comment on. Focusing on Hong Kong listed stocks made it super easy to ignore the nothing action in US stocks. In the past i would have probably taken things

Looking at what’s driving the market, SPY = XMAG + MAGS. Now that corrrlation is easing up we can start looking for sectors. SPY is fairly choppy but constituents give a clearer picture. Just like MAGS  was propping market up, now it’s pulling it down. ARKK which was leading prior to drop is somewhere between the two.

.","",""
"472133643708530689","dolivent","2025-03-24T10:13:23.5760000+08:00","Hindsight bias check. Although Friday was strong, it’s good to reflect allllllllll the way back on Monday which was looking like a follow through day, only for lows to get violated next day. Not saying that’s going to happen now, what’s happening now is expected as volatility contracts , but think it’s good to not get too married bullish or bearish as things can change very very quickly so size accordingly

.","",""
"472133643708530689","dolivent","2025-03-24T10:15:48.4740000+08:00","__My own trading__:  
- none

__Next weeks game plan__:  
- Keep an eye out for long setups
- Try to focus on Catalyst driven or news driven stocksa","",""
"472133643708530689","dolivent","2025-04-01T18:29:46.8220000+08:00","**__2025-W13__** week of 2025-03-24  
The sentiment moving very quickly back and forth. Stick to weekly timeframe to smooth things out. Earnings season starts in a week or two, the selloff is a good setup into earnings season.  

__Monday__ 2025-03-24 9:45pm Flash Manufacturing PMI/Flash Services PMI  
  ep:  
  bo:  **TSLA PLTR** RIVN **LUNR RKLB VSAT** ASTS BBAI CLSK MSTR RIOT HOOD APLD RR TEM HIMS GH GRAL COHR NBIS OKTA NFLX APP RBRK BROS BBIO AMD NVDA LMND DOCS AMZN USO GLNG 
  pb:  
  bd:  
Significant News:  Trump considers easing tariffs. Followthrough day

__Tuesday__ 2025-03-25  
  ep:  IP DJT DATS
  bo:  SAND PRCH EGO  
  pb:  
  bd:  
Significant News:  

__Wednesday__ 2025-03-26  
  ep:  **VVPR ** THTX **SURG**  **OSRH** GME
  bo:  TAL SMMT ALMS (D2 EP)
  pb:  
  bd:  
Significant News:  Gov shutdown rumors

__Thursday__ 2025-03-27 8:30pm Final GDP q/q/Unemployment Claims 225K 223K  
  ep:  SLNO HTZ CAR CNXC 
  bo:  RIVN **MLGO ** LX **GDXU** DLTR (D2 EP) AGQ 
  pb:  
  bd:  VVPR
Significant News:  

__Friday__ 2025-03-28 8:30pm Core PCE Price Index m/m  
  ep:  
  bo:  SLNO (D2 EP) **HMY**
  pb:  
  bd:  WOLF
Significant News:  Stagflationary Numbers, concern about April 2nd Tariff announcements 

.","",""
"472133643708530689","dolivent","2025-04-01T18:29:52.2820000+08:00","The main narrative this week was the bounce that everyone was expecting. Objectively, we could have expected a 3-5 day bounce, but we got 1-2 days. Underlying stocks haven't been setting up, and we don't have higher lows forming like we see in the best stocks that show RS before they go on big runs. TQQQ, TSLA and PLTR main focus for vehicle selection here since the  entire market is correlated. 

Some EPs have offered daytrades, or at least breakeven stops for swing traders testing waters. Earnings season starts in 2 weeks. The selloff increaes odds of good reactions. SURG SLNO

Mid-week, we saw the resurrection of small caps, which largely operate independently from the indexes. DATS VVPR MLGO. Failed but active DJT GME

China was one of the two strong sectors (other being gold) that has showing some signs of distirbution. Tech/semis are leaking off while biotech and ""value"" stocks like banks are going up. This looks more like rotation than a selloff. Expecting dicrepencies between ADR and HK session trading because of cross border flow impacts (US traders seeking RS in china stocks or US traders selling draging down ADR linked stocks in HK session. 

The exception is in gold names. We saw the rest as growth stocks attempted the bounce, but gapped up as it seemed like the entire world was selling equities to buy gold. SAND HMY AU

On Friday, we got stagflationary data and sold off accordingly (bad news, bad price action). We are still in a downtrend and sentiment is changing very quickly, constantly. Main toolkit im looking to is weekly timeframes to smooth the general trend/reduce anxiety and also News Failures (after prolonged selling, bad news + good price action = potential turn). 

.","","👍 (1)"
"472133643708530689","dolivent","2025-04-01T18:29:55.9210000+08:00","__My own trading__:  
none

__Next weeks game plan__:  
- Index correlated names: look for shorts against MAs on bounce untill we get news failures
- Small caps: Keep watching and try if setup shows up
- EPs: Wait for EPs with strong catalyst and volume. Earnings start 2 weeks
- China: trade HK session in areas of rotation
- Generally: dont get lazy. Keep sticking to process loop.

.","",""
"472133643708530689","dolivent","2025-04-05T19:44:55.1840000+08:00","**__2025-W14__** week of 2025-03-31  
[quick summary: sentence on the week's trading. How has the opportunity set been and what are the appropriate tactics? Were there any major events of note? any other important notes]  

__Monday__ 2025-03-31  
  ep:  **ICCT ** **CORT ** 
  bo:  GRRR CELH XPEV ~~QUBT~~ **MLGO**
  pb:  
  bd:  ~~RDDT RKLB CRWV ~~ MRNA
Significant News:  

__Tuesday__ 2025-04-01 10:00pm ISM Manufacturing PMI/JOLTS Job Openings  
  ep:  BIAF **MVST**
  bo:  RIVN **RCAT ** LCID RCAT **NMAX ** **CRWV**
  pb:  
  bd:  CSAI MLGO 
Significant News:  IPOs catch spark CRWV NMAX

__Wednesday__ 2025-04-02 8:15pm ADP Non-Farm Employment Change  
  ep:  AREB 
  bo:  ~~VVPR~~ 
  pb:  
  bd:  CRWV
Significant News:  Day 3 of mean reversion bounce

__Thursday__ 2025-04-03 8:30pm Unemployment Claims / 10:00pm ISM Services PMI  
  ep:  MOH GT 
  bo:  
  pb:  
  bd:  QQQ SPY **SOXX ** CRWV 
Significant News:  Trump tariffs worse than expected

__Friday__ 2025-04-04 8:30pm Average Hourly Earnings m/m / Non-Farm Employment Change / Unemployment Rate / 11:25pm Fed Chair Powell Speaks  
  ep:  
  bo:  RKT 
  pb:  SPXS
  bd:  PLTR 
Significant News:  China reciprocal tariffs

.","",""
"472133643708530689","dolivent","2025-04-05T19:45:00.5100000+08:00","Small caps: MLGO ICCT 
IPO: **CRWV ** NMAX
Swing Short: **SOXX ** PLTR 
Random BO: RCAT

Best opps were CRWV and SOXX.

CRWV had a lot of people talking, especially on the pessimistic side. There was significant volatility in sentiment: it was one of the hottest IPOs in recent times, yet rumors of IPO price being cut in half one day prior, followed by NVDA anchoring at 40 as deadline neared. As we’ve seen with PLTR a few years ago, when stocks are widely debated, that can become potential fuel for a move. A simple entry, like a break of the previous day’s highs, would have worked well. Breaking news came after the entry, with Sam Altman (OpenAI/ChatGPT) emphasizing a shortage in exactly what CRWV offers. The exit could have been an intraday break of the range (or short)

SOXX on Thursday was essentially an EP  on some of the most significant news... possibly ever. We’ve been in a downtrend for a while now, and this was pretty much confirmed when we lost the 200-day moving average a few weeks ago—not to mention the sheer lack of setups. Time and again, where price should have held, it didn’t, further underscoring the downtrend. Just as in bull markets, when things go straight up, in this case, when things go straight down, you can get paid for breaking the rules a little. Here, that would mean chasing the gap down in SOXX. If the chart were inverted, it would be a perfectly good long setup. Of course, all this is being said with the benefit of hindsight and its very hard to execute without considering the context and significance of the news.

__My own trading__:  
none

.","",""
"472133643708530689","dolivent","2025-04-05T19:45:03.7890000+08:00","__Next weeks game plan__:  

The only setup that makes sense is a mean reversion bounce. This would be an intraday trade, not a swing, as headlines could shift things quickly and violently. We came close with Friday’s acceleration into the August carry trade lows on SPY, with volume picking up on the bounce, but we didn’t see acceleration down in a capitulatory manner. Instead we got steady selling which is just a downtrend and no sign of reversal, which also means price acceptance which means chop or further lows. With Fri close and if we get no resolution on tariffs over the weekend, we could see a gap down on Monday. I’m looking for the right side of a V-shaped setup with accelerating price action and volume. The vehicles would be shorting SPXS, UVXY, SQQQ, and SOXS.","",""
"472133643708530689","dolivent","2025-04-16T12:32:00.6810000+08:00","**__2025-W15__** week of 2025-04-07  
[quick summary: sentence on the week's trading. How has the opportunity set been and what are the appropriate tactics? Were there any major events of note? any other important notes]  

__Monday__ 2025-04-07  
  ep:  NUTX
  bo:  
  pb:  
  bd:  SQQQ UVXY
Significant News:  China retaliates with additional tariffs. Mean reversion in indexes (news failure?). Strong reaction offthe  tariff pause fake news  

__Tuesday__ 2025-04-08  
  ep:  ~~~NAOV AGL ALHC~~
  bo:  
  pb:  
  bd:  PLTR 
Significant News:  

__Wednesday__ 2025-04-09  
  ep:  TQQQ
  bo:  GLD AU KGC NEM AEM GFI
  pb:  
  bd:  SOXS
Significant News:  US 90 day tariff pause for all ex china. 

__Thursday__ 2025-04-10 2:00am FOMC Meeting Minutes, 8:30pm Core CPI m/m/CPI m/m/CPI y/y/Unemployment Claims  
  ep:  
  bo:  
  pb:  
  bd:  
Significant News:  

__Friday__ 2025-04-11 8:30pm Core PPI m/m/PPI m/m, 10:00pm Prelim UoM Consumer Sentiment/Prelim UoM Inflation Expectations  
  ep:  BFRG CERT RXRX SDGR SLP MBOT 
  bo:  FXI GRPN
  pb:  
  bd:  
Significant News:  

.","",""
"472133643708530689","dolivent","2025-04-16T12:32:06.2800000+08:00","The first actionable setup since the first leg follow through day was the Mean Reversion bounce on monday. 

Since then, nothing other than the tariff headlines has mattered, not economic numbers, not earnings. What we did start to see was that after 2 legs down (and 2 on Semis) that bad news (china retaliation) did not see lower prices, suggesting ""news failure"", at least in the short term. 

Heres a quick recap to get a sense of house [price/news sentiment] has improved:
Monday: China retaliated with 34% tariffs on US goods. we get capitulation lows/max fear/pain etc and close higher. Same day, we had an early release of 90 day tariff pause. This was later corrected as a ""fake news"" but gave traders a hint about tariff relief PA would look like 
Tuesday: 


__My own trading__:  


.","",""
"472133643708530689","dolivent","2025-04-16T12:32:29.8700000+08:00","__Next weeks game plan__:  
Quick pros/cons list:
Bullish
- undercut and bounce off 2022 highs
- 3 legs down (in semis)
- direction of news positive
- due for a relief rally
- primary cause of negative narative is behind us

Bearish
- extreemly wide structure, easy to get shaken out
- china still unresolved
- still under the 200/50","","👍 (1)"
"472133643708530689","dolivent","2025-04-22T09:59:38.4770000+08:00","**__2025-W16__** week of 2025-04-14  
Natural reaction week back down off MAs. Technically, a pullback above last Wednesday would be normal. More time required but starting to see underlying decoupling

__Monday__ 2025-04-14  
  ep:  PLTR BULL USAR TMC NB 
  bo:  MSTR FUTU BABA ADMA
  pb:  
  bd:  
Significant News:  Semi/mobilephone tariff exemption. China limits mineral exports/Trump interest in deep sea mining

__Tuesday__ 2025-04-15  
  ep:  NFLX RKLB EOSE
  bo:  SPOT CRWD
  pb:  
  bd:  
Significant News:  

__Wednesday__ 2025-04-16 8:30pm Core Retail Sales m/m, Retail Sales m/m  
  ep:  OMEX HTZ IAG
  bo:  
  pb:  QQQ
  bd:  NVDA ASML
Significant News:  Hawkish Powel, NVDA h20 china export limitations

__Thursday__ 2025-04-17 1:30am Fed Chair Powell Speaks, 8:30pm Unemployment Claims  
  ep:  BMI 
  bo:  MVST DLTR DG DJT
  pb:  
  bd:  
Significant News:  

__Friday__ 2025-04-18  
  ep:  
  bo:  
  pb:  
  bd:  
Significant News:  

.","",""
"472133643708530689","dolivent","2025-04-22T09:59:42.7360000+08:00","Zooming out, 6 weeks down into last week was the low and the bounce week. This week is the pullback week on NVDA news, Hawkish Fed, easter short week. 

A few possible outcomes but on weekly, strong legs down, followed by ""natruatal reactions"" (difficult to believe given the volatility) followed by contiuation in trend direction. 2 or 3 weeks down starting from this week not abnormal. Key is that underlying stocks decouple while MAGS repair. 

Tools like news failures work better after clear and steep selloffs. Shapiro pairs with COT data, which we dont have for stocks so we have to rely on extension close to mean reversion levels paired with news failure concept. 

Themes
- RS stocks: ~~PLTR~~ NFLX SPOT MSTR
- Animal testing news: ~~BFRG~~ CERT RXRX SDGR SLP MBOT 
- Minerals/deep-sea minerals: ~~TMC~~ UAMY ~~MP USAR~~ NB
- IPO technical theme: BULL
- Battery: ~~EOSE~~
- Rockets: ~~RKLB~~

__My own trading__:  


.","",""
"472133643708530689","dolivent","2025-04-22T09:59:46.6350000+08:00","__Next weeks game plan__:  
Many themes to track

Earnings:
- Sold off stocks that come out to say they are not impacted (eg TSM but did not go up)
- Bought up stocks (unimpacted by tariffs) that say they will/perform worse (UNH)
- MAGS: we will see how theyre looking at capex spend. NVDA the vehicle
- ""normal"" ER (NFLX)
- Small/mid caps with strong growth unimpacted by macro

Currency safety:
- GOLD: IAG EGO AU KGC
- BTC: BTC has been showing RS to miners/others for many quaters now. Small caps with solana treasury stocks JNVR UPXI

RS stocks:
- NFLX MSTR PLTR DASH SPOT
- Cautious because there was a period where beaten down stocks performed better than breakouts from ATH which kept failing. Exact period is slipping my mind
- Things like CRWD were laggards in Q4 of 2024
- Beaten down RS GRPN CELH
- Discount DLTR DG

Biotechs:
- SDGR CERT SLP CRSP RXRX 
- MBOT
- SMMT NUTX ADMA

Rare earths (some overlap with gold)
- UAMY TMC MP USAR NAK 

China:
- Lots of negativity built into China stocks as well as delisting risk rumours, which could be max pessimism
- Any sign of a deal with China may see relief 
- On the other hand, rare earth stocks could go down on the news. 

New IPO:
- BULL CRWV

Shitco
- MVST
- HTZ","","👍 (1)"
"472133643708530689","dolivent","2025-04-26T18:40:31.7410000+08:00","**__2025-W17__** week of 2025-04-21  
Finally got a good 3 day move since 8 week downtrend. ORH working again for mom burst. Now running into the 50/200 but primarily focusing on stock action. How we react will show if we are still in a downtrent or turning around. We got confirmation and tracking stocks last week was rewarded this week but caution required now, wait for new setups

__Monday__ 2025-04-21  
  ep:  ~~UPXI~~ MLGO **NFLX**
  bo:  VIX ~~PLTR~~ MSTR
  pb:  ADMA 
  bd:  TMC MP NVDA AGX CRWV (lots of other stocks, but potential higher lows)
Significant News:  Failed breakouts

__Tuesday__ 2025-04-22  
  ep:  FSLR TAN 
  bo: **MSTR ** GME **COIN CIFR WULF IREN CLSK MARA** HTZ BABA SMMT GRAL ~~GRPN~~ TEM PAGS
  pb:  GLD
  bd:  
Significant News:  300% tariff on Viet solar

__Wednesday__ 2025-04-23 9:45pm Flash Manufacturing PMI/Flash Services PMI  
  ep:  QQQ **SMMT** NVAX **TEM ** **GRAL **OKLO  **PONY **CEP ~~VRT~~ ~~GEV~~  ~~APH~~
  bo:  **PLTR **ACHR ROOT WGS CRWV RBRK **CRWD**
  pb:  MSTR BTC
  bd:  
Significant News:  Bessent/Trump flip-flop comments on China. 

__Thursday__ 2025-04-24 8:30pm Unemployment Claims  
  ep:  NOW **CEP**  TMC OMEX SMMT NFLX 
  bo:  AMTM HOOD IONQ NET TEAM **CRWD** UBER 
  pb:  MSTR
  bd:  
Significant News:  

__Friday__ 2025-04-25  
  ep:  GOOG SXT
  bo:  **TSLA MSTR **
  pb:  
  bd:  SMMT
Significant News:  

.","",""
"472133643708530689","dolivent","2025-04-26T18:40:35.9170000+08:00","__This Weeks Best Opportunities__:  
NFLX MSTR PLTR CRWD COIN SMMT TEM GRAL PONY CEP

Long list of themes from last week. Most movers came from that list. Main macro idea was still tariffs and China resolution. Day by day thoughts around the turn so far:

Monday: Still a market where strength is treated with suspicion and weakness is given the benefit of the doubt.

Tuesday: reclaim of previous week lows was an expectation breaker to me. Combined with NFLX MSTR BTC higher from breakout and GLD down signals shift in risk + Trump sentiment shift on China talks. During sentiment shifts, theres usually a choppy period where entry tactics dont work yet ,if stock selection is good, the stock ends up higher. Also a technical FTD which has a 50% chance to work. Very frustrating if trying to get positioned, but its a good sign. 

Wednesday: gold down bitcoin up plus change in china tariff sentiment causes big gap up over entire market. I got sucked in but Bessent and Trump reversed the picture and we left the session with the exact inverse (gold up tarrif sentiment down etc). If bought Tues, plenty of cushion for the inevitable pullback.

Thursday: expectation breaker day after poor action yest. Big growth NOW EP + 200day reclaim, NFLX double top breakout. GEV through TSLA highs. Speculative weed + quantum names strong. Market up despite bad news Russian launches a massive attack on Ukraine and China states that reports of trade progress between it and the U.S. is nothing more than fake news. Can see a path forward where earnings gives us more leadership names and market starts to brush off crazy Trump headlines.

Friday: Day 3 of move. lots of chasing which is good but short term extension? TSLA through ER range. Price could pull back from here, stop out entries from past 2 days, and charts would look perfectly healthy.

Themes: RS names, BTC/Treasury, Earnings, Hourly flags, biotechs



.","",""
"472133643708530689","dolivent","2025-04-26T18:40:40.5370000+08:00","__My own trading__:  
Stock selection very in sync with market 

Tactics being less aggressive than possible. Less aggressive than required. Also execution errors chasing followed by self stop outs. Work to do here. Give myself a B-. Did my job identifying the SA and executed on one stock, identified the other but totally drop the ball on the execution. Now time to wait for next setup. 

__Next weeks game plan__:  
We went from choppy to straight up very quickly. 1min ORH worked for a few days. this is very rare. We are now through April 9th 90 day tariff pause highs which is great, but very close to declining 50 day. Short-mid term bullish. Short term pullback would be totally norma. 

If we hold entries, likely keep going higher and dip buys likely to work. If we retest entries/entry day lows, more caution is required.  Chances we dont get some kind of reaction of 50/200ma very low but leader action and portfolio action key driver here. 

If you have some positions, you did your job. Now its time to change from tracking RS, to building theme/backwatchlists. Stay patient and resist fomo ignore social media pnl posts etc etc","",""
